id_trx,id_user,token_id,value,trx_city,ip_address
1,4980670d-6432-4d61-a180-7a77190d39a0,,1900000,Valledupar,30.67.95.63
2,9c72d701-aa11-482b-98fc-e91d7e6133e1,,9500000,Barranquilla,61.226.40.175
3,5f7bc087-6b7e-4f4a-bab7-2c85f94c5a24,,4300000,Bogota,
4,65e4023c-acee-4d74-a0c9-c6ec1d7f4c1d,,5300000,Sincelejo,24.208.231.123
5,65e4023c-acee-4d74-a0c9-c6ec1d7f4c1d,,8000000,Medellin,252.132.79.7
6,7e627f33-85f1-4861-9949-3347b365e299, bgAAAAABjSEM4AYNkSTDVPm9dMYKn53ZFRuT44ALaUxwsjEde312Hrx0IIhTDNBHZFI9joim0N9T9J6X3w0J03aspJCesR51uAg==,3400000,Cartagena,162.226.37.246
7,b7727364-663c-4065-96e1-b6e0944f7895,,9100000,Pasto,
8,5f7bc087-6b7e-4f4a-bab7-2c85f94c5a24, bgAAAAABjSEM4jCfDL9lS53pfCgXnJ-nxtL2xYJhABfR3ZRPzcbKGKtngkfszZhDl-594scb20TXuJSpvvBGW-vORT2nxcxDtQg==,4900000,Armenia,237.28.127.215
9,faccb548-eeb3-47c3-b425-b23dadcb8446,,2000000,Cali,249.187.255.122
10,3edd5e60-ada8-4ee6-af6e-841d2a3c4ec6, bgAAAAABjSEM4vGo9OPAwFJyZILCxhHWUHgyRU_4gDu426wuKQY0hOps533CS1qyYZ26W1HuYnRVgNDxoJxzuntWQJu2KZXYTwA==,9200000,Santa Marta,27.68.249.186
11,decf6cfb-bdfc-4a1c-9cd3-db6fc020c8f2,,3300000,Armenia,234.8.32.182
12,95ce924b-351e-4420-84c0-6ee308eafca9,,7700000,Cali,240.211.202.21
13,ffe437ab-8bc2-4c2f-939f-f6d47706fdb1,,3700000,Santa Marta,154.81.11.42
14,ce7ed389-6c5d-4d22-a135-db4d0ba3490e,,600000,Sincelejo,105.159.115.152
15,ffe437ab-8bc2-4c2f-939f-f6d47706fdb1, bgAAAAABjSEM40L6ReGSYI-PwaNPcUh-xqpI0hoVS2f2BHZ-wtEF8WkcUgK9YbVX8aks-mqxLQ_Ja293NZSYN69wD0dvIKZXC1Q==,5200000,Medellin,96.13.207.43
16,89214074-36d9-43f4-a694-ee8f97751f66,,4800000,Bogota,
17,5f7bc087-6b7e-4f4a-bab7-2c85f94c5a24,,6500000,Pasto,
18,3edd5e60-ada8-4ee6-af6e-841d2a3c4ec6,,4200000,Barranquilla,127.98.120.134
19,65e4023c-acee-4d74-a0c9-c6ec1d7f4c1d,,6500000,Valledupar,
20,a02a6b1e-4a16-43ed-a3e4-5effc41cd418,,8600000,Cartagena,96.3.136.121
21,89214074-36d9-43f4-a694-ee8f97751f66,,2300000,Cali,164.109.57.109
22,5f7bc087-6b7e-4f4a-bab7-2c85f94c5a24,,4400000,Medellin,234.61.51.75
23,3edd5e60-ada8-4ee6-af6e-841d2a3c4ec6,,8800000,Sincelejo,26.147.236.214
24,decf6cfb-bdfc-4a1c-9cd3-db6fc020c8f2,,4500000,Cartagena,
25,faccb548-eeb3-47c3-b425-b23dadcb8446,,200000,Armenia,210.214.30.3
26,5f7bc087-6b7e-4f4a-bab7-2c85f94c5a24, bgAAAAABjSEM4jCfDL9lS53pfCgXnJ-nxtL2xYJhABfR3ZRPzcbKGKtngkfszZhDl-594scb20TXuJSpvvBGW-vORT2nxcxDtQg==,9200000,Bogota,246.27.107.39
27,65e4023c-acee-4d74-a0c9-c6ec1d7f4c1d,,9500000,Valledupar,
28,3edd5e60-ada8-4ee6-af6e-841d2a3c4ec6,,8900000,Barranquilla,
29,65e4023c-acee-4d74-a0c9-c6ec1d7f4c1d,,7400000,Pasto,192.241.195.167
30,9c72d701-aa11-482b-98fc-e91d7e6133e1,,5500000,Santa Marta,134.253.141.224
31,65e4023c-acee-4d74-a0c9-c6ec1d7f4c1d, bgAAAAABjSEM41U6ROqfgxHdZOkzKmmQSY0fr6zvJzjepofHyG6kFwgE1dcxmK6J95cnuPh_A7DN12LFLjg1mhYe-Ft22hVJ_Zw==,1500000,Valledupar,32.231.193.167
32,95ce924b-351e-4420-84c0-6ee308eafca9,,3200000,Cali,47.73.71.176
33,a02a6b1e-4a16-43ed-a3e4-5effc41cd418, bgAAAAABjSEM4KiKCqj8nGBPImq78cGvTVSj1bF6l77B1C4aXw25fvPI3PdGNTYyge8ZKstbLoYXQ5lzDZ_P9_UCE1ptNfKW3fg==,8300000,Pasto,
34,ce7ed389-6c5d-4d22-a135-db4d0ba3490e,,2900000,Santa Marta,
35,ffe437ab-8bc2-4c2f-939f-f6d47706fdb1,,8800000,Sincelejo,47.32.180.208
36,b7727364-663c-4065-96e1-b6e0944f7895,,8800000,Medellin,
37,7e627f33-85f1-4861-9949-3347b365e299,,3600000,Armenia,27.142.249.12
38,5f7bc087-6b7e-4f4a-bab7-2c85f94c5a24,,4000000,Cartagena,
39,ffe437ab-8bc2-4c2f-939f-f6d47706fdb1,,9100000,Barranquilla,99.222.203.65
40,4980670d-6432-4d61-a180-7a77190d39a0,,7300000,Bogota,
41,b7727364-663c-4065-96e1-b6e0944f7895,,2800000,Cartagena,83.163.27.221
42,4980670d-6432-4d61-a180-7a77190d39a0,,3500000,Bogota,86.152.24.226
43,ffe437ab-8bc2-4c2f-939f-f6d47706fdb1,,8600000,Santa Marta,144.49.121.238
44,3edd5e60-ada8-4ee6-af6e-841d2a3c4ec6,,9900000,Armenia,
45,9c72d701-aa11-482b-98fc-e91d7e6133e1,,3500000,Sincelejo,215.21.73.235
46,faccb548-eeb3-47c3-b425-b23dadcb8446,,300000,Medellin,
47,65e4023c-acee-4d74-a0c9-c6ec1d7f4c1d,,4700000,Pasto,
48,a02a6b1e-4a16-43ed-a3e4-5effc41cd418,,2200000,Cali,110.64.190.129
49,65e4023c-acee-4d74-a0c9-c6ec1d7f4c1d, bgAAAAABjSEM46yWKsSm7o9l8SnjWMsEVfEYiNLWt9us9KI6F_pl2qGzPIiPHDQZdnn7tIwjO1gCzrguBfE0iBhL6fIzoiMpxTg==,600000,Valledupar,19.253.145.57
50,5f7bc087-6b7e-4f4a-bab7-2c85f94c5a24,,8200000,Barranquilla,
51,decf6cfb-bdfc-4a1c-9cd3-db6fc020c8f2,,100000,Cali,
52,89214074-36d9-43f4-a694-ee8f97751f66,,7200000,Pasto,
53,95ce924b-351e-4420-84c0-6ee308eafca9,,6000000,Bogota,
54,ffe437ab-8bc2-4c2f-939f-f6d47706fdb1,,8500000,Armenia,35.10.99.117
55,5f7bc087-6b7e-4f4a-bab7-2c85f94c5a24, bgAAAAABjSEM45n3M2ln4-y0whf0I8ZG9wGRwrzv86h4XDNqZ9CuosLxs0QJ5fS0mzEJGjF578ogugs0Pb082_x4VStz-9ML4Mw==,7300000,Santa Marta,
56,65e4023c-acee-4d74-a0c9-c6ec1d7f4c1d,,5500000,Valledupar,
57,ce7ed389-6c5d-4d22-a135-db4d0ba3490e,,2500000,Cartagena,183.229.2.176
58,5f7bc087-6b7e-4f4a-bab7-2c85f94c5a24, bgAAAAABjSEM4SqGV5OEzpaGK2rbs-U2s1KGT6dhc4uO3-7g6WkKxvZGtS1aOFNri6appv-UeI925jZV9bfagcTfJfbCo7WDPGw==,6000000,Barranquilla,168.208.104.111
59,3edd5e60-ada8-4ee6-af6e-841d2a3c4ec6,,5700000,Medellin,110.7.153.159
60,7e627f33-85f1-4861-9949-3347b365e299,,6700000,Sincelejo,
61,faccb548-eeb3-47c3-b425-b23dadcb8446, bgAAAAABjSEM4YEncpDZuuXrxB2vkCa6mSUSyHu67f20aTAobu1iZo00-Tg_QpVvLmJgQTUkmgHlN4ip3vyzVijL2RUQR2sFGWw==,4800000,Armenia,106.175.153.98
62,5f7bc087-6b7e-4f4a-bab7-2c85f94c5a24,,9800000,Medellin,237.13.129.166
63,9c72d701-aa11-482b-98fc-e91d7e6133e1, bgAAAAABjSEM4wX9Ze2CH5cH_f9eKupGQ-17pokqgipKxQ3__i2cI2xw9RCNj-o7jdLFmSagQAPQ9vi5SNAUSIBZJ1-aYmFuJgw==,7000000,Santa Marta,78.72.178.208
64,ce7ed389-6c5d-4d22-a135-db4d0ba3490e, bgAAAAABjSEM4neufr0N9v0h0sr82zi9ghkLj4jcCTQErZ3ZJZ5uHBdfMDiDFgHpvTkWGMMsL8_FvvDtcZh4Zz5ltPIqDuQtKfw==,4000000,Pasto,95.76.61.235
65,65e4023c-acee-4d74-a0c9-c6ec1d7f4c1d, bgAAAAABjSEM46yWKsSm7o9l8SnjWMsEVfEYiNLWt9us9KI6F_pl2qGzPIiPHDQZdnn7tIwjO1gCzrguBfE0iBhL6fIzoiMpxTg==,1600000,Bogota,207.225.234.239
66,65e4023c-acee-4d74-a0c9-c6ec1d7f4c1d,,2800000,Sincelejo,167.13.109.158
67,4980670d-6432-4d61-a180-7a77190d39a0, bgAAAAABjSEM4QAVqa-l2STIl_N-jzkzHz1srW0nQD0-hTGZ7Q6SdKLOYiNQ5pLpdHM7wSZ3nuUTpkjEeGt_wGtCC29-MCjXe3g==,6900000,Cartagena,
68,3edd5e60-ada8-4ee6-af6e-841d2a3c4ec6,,1700000,Barranquilla,187.42.196.88
69,3edd5e60-ada8-4ee6-af6e-841d2a3c4ec6,,8900000,Valledupar,59.165.48.130
70,ffe437ab-8bc2-4c2f-939f-f6d47706fdb1,,8200000,Cali,2.127.193.38
71,5f7bc087-6b7e-4f4a-bab7-2c85f94c5a24,,8400000,Cartagena,65.23.22.36
72,5f7bc087-6b7e-4f4a-bab7-2c85f94c5a24, bgAAAAABjSEM4SqGV5OEzpaGK2rbs-U2s1KGT6dhc4uO3-7g6WkKxvZGtS1aOFNri6appv-UeI925jZV9bfagcTfJfbCo7WDPGw==,5900000,Bogota,47.3.123.35
73,7e627f33-85f1-4861-9949-3347b365e299,,9700000,Armenia,
74,89214074-36d9-43f4-a694-ee8f97751f66,,2700000,Santa Marta,152.177.109.22
75,65e4023c-acee-4d74-a0c9-c6ec1d7f4c1d,,1400000,Cali,90.117.102.111
76,b7727364-663c-4065-96e1-b6e0944f7895,,7500000,Barranquilla,77.44.94.87
77,95ce924b-351e-4420-84c0-6ee308eafca9,,9900000,Pasto,
78,decf6cfb-bdfc-4a1c-9cd3-db6fc020c8f2,,6500000,Medellin,
79,a02a6b1e-4a16-43ed-a3e4-5effc41cd418, bgAAAAABjSEM4KiKCqj8nGBPImq78cGvTVSj1bF6l77B1C4aXw25fvPI3PdGNTYyge8ZKstbLoYXQ5lzDZ_P9_UCE1ptNfKW3fg==,8000000,Valledupar,27.210.211.19
80,ffe437ab-8bc2-4c2f-939f-f6d47706fdb1,,6800000,Sincelejo,
81,65e4023c-acee-4d74-a0c9-c6ec1d7f4c1d,,3300000,Medellin,100.245.203.14
82,decf6cfb-bdfc-4a1c-9cd3-db6fc020c8f2, bgAAAAABjSEM4Ira1ED-Zg8QI_dboS30cMyf_2eLz0QuI2SJQmhcymJ9Cxsek3gkllAQTzTALL73dIpV9uyb6ouMlydcKFSug0Q==,9200000,Santa Marta,81.242.140.255
83,95ce924b-351e-4420-84c0-6ee308eafca9,,5700000,Sincelejo,11.114.28.44
84,65e4023c-acee-4d74-a0c9-c6ec1d7f4c1d,,9900000,Armenia,
85,4980670d-6432-4d61-a180-7a77190d39a0,,4900000,Barranquilla,
86,b7727364-663c-4065-96e1-b6e0944f7895,,6500000,Cali,
87,65e4023c-acee-4d74-a0c9-c6ec1d7f4c1d,,6100000,Bogota,139.95.221.217
88,3edd5e60-ada8-4ee6-af6e-841d2a3c4ec6,,5400000,Cartagena,125.119.189.190
89,89214074-36d9-43f4-a694-ee8f97751f66,,7900000,Valledupar,
90,5f7bc087-6b7e-4f4a-bab7-2c85f94c5a24,,7600000,Pasto,117.220.147.112
91,5f7bc087-6b7e-4f4a-bab7-2c85f94c5a24,,8500000,Valledupar,209.207.16.173
92,faccb548-eeb3-47c3-b425-b23dadcb8446, bgAAAAABjSEM4YEncpDZuuXrxB2vkCa6mSUSyHu67f20aTAobu1iZo00-Tg_QpVvLmJgQTUkmgHlN4ip3vyzVijL2RUQR2sFGWw==,2700000,Armenia,14.206.3.197
93,ffe437ab-8bc2-4c2f-939f-f6d47706fdb1,,900000,Cali,190.210.243.9
94,a02a6b1e-4a16-43ed-a3e4-5effc41cd418,,4800000,Santa Marta,245.41.176.130
95,ffe437ab-8bc2-4c2f-939f-f6d47706fdb1,,7900000,Medellin,
96,9c72d701-aa11-482b-98fc-e91d7e6133e1,,2700000,Bogota,57.79.196.154
97,ce7ed389-6c5d-4d22-a135-db4d0ba3490e,,4400000,Sincelejo,
98,5f7bc087-6b7e-4f4a-bab7-2c85f94c5a24,,3200000,Cartagena,117.113.4.221
99,3edd5e60-ada8-4ee6-af6e-841d2a3c4ec6,,800000,Barranquilla,22.29.143.254
100,7e627f33-85f1-4861-9949-3347b365e299,,1900000,Pasto,232.100.18.233
101,faccb548-eeb3-47c3-b425-b23dadcb8446,,8000000,Sincelejo,165.238.30.69
102,4980670d-6432-4d61-a180-7a77190d39a0,,2400000,Cali,177.54.90.114
103,95ce924b-351e-4420-84c0-6ee308eafca9,,300000,Cartagena,
104,5f7bc087-6b7e-4f4a-bab7-2c85f94c5a24, bgAAAAABjSEM4SqGV5OEzpaGK2rbs-U2s1KGT6dhc4uO3-7g6WkKxvZGtS1aOFNri6appv-UeI925jZV9bfagcTfJfbCo7WDPGw==,7200000,Barranquilla,178.138.72.128
105,7e627f33-85f1-4861-9949-3347b365e299, bgAAAAABjSEM4AYNkSTDVPm9dMYKn53ZFRuT44ALaUxwsjEde312Hrx0IIhTDNBHZFI9joim0N9T9J6X3w0J03aspJCesR51uAg==,7900000,Pasto,
106,ffe437ab-8bc2-4c2f-939f-f6d47706fdb1,,8800000,Santa Marta,
107,3edd5e60-ada8-4ee6-af6e-841d2a3c4ec6,,2500000,Valledupar,230.132.202.165
108,65e4023c-acee-4d74-a0c9-c6ec1d7f4c1d,,800000,Armenia,136.202.18.103
109,5f7bc087-6b7e-4f4a-bab7-2c85f94c5a24,,5200000,Medellin,
110,b7727364-663c-4065-96e1-b6e0944f7895,,7300000,Bogota,202.50.139.184
111,ffe437ab-8bc2-4c2f-939f-f6d47706fdb1,,1600000,Barranquilla,73.149.197.16
112,ce7ed389-6c5d-4d22-a135-db4d0ba3490e,,7500000,Armenia,104.61.153.85
113,9c72d701-aa11-482b-98fc-e91d7e6133e1, bgAAAAABjSEM4wX9Ze2CH5cH_f9eKupGQ-17pokqgipKxQ3__i2cI2xw9RCNj-o7jdLFmSagQAPQ9vi5SNAUSIBZJ1-aYmFuJgw==,6600000,Valledupar,231.138.233.54
114,a02a6b1e-4a16-43ed-a3e4-5effc41cd418, bgAAAAABjSEM4KiKCqj8nGBPImq78cGvTVSj1bF6l77B1C4aXw25fvPI3PdGNTYyge8ZKstbLoYXQ5lzDZ_P9_UCE1ptNfKW3fg==,2500000,Medellin,243.237.252.249
115,65e4023c-acee-4d74-a0c9-c6ec1d7f4c1d,,300000,Cali,209.188.39.22
116,5f7bc087-6b7e-4f4a-bab7-2c85f94c5a24,,6200000,Pasto,103.139.206.79
117,89214074-36d9-43f4-a694-ee8f97751f66,,7200000,Santa Marta,120.60.39.162
118,3edd5e60-ada8-4ee6-af6e-841d2a3c4ec6,,9400000,Sincelejo,65.53.47.141
119,65e4023c-acee-4d74-a0c9-c6ec1d7f4c1d,,2600000,Bogota,197.196.127.123
120,decf6cfb-bdfc-4a1c-9cd3-db6fc020c8f2, bgAAAAABjSEM4Ira1ED-Zg8QI_dboS30cMyf_2eLz0QuI2SJQmhcymJ9Cxsek3gkllAQTzTALL73dIpV9uyb6ouMlydcKFSug0Q==,3000000,Cartagena,228.95.218.202
121,ffe437ab-8bc2-4c2f-939f-f6d47706fdb1,,8300000,Pasto,
122,5f7bc087-6b7e-4f4a-bab7-2c85f94c5a24,,2800000,Armenia,84.85.239.226
123,3edd5e60-ada8-4ee6-af6e-841d2a3c4ec6,,6700000,Cali,166.23.15.243
124,65e4023c-acee-4d74-a0c9-c6ec1d7f4c1d,,7400000,Valledupar,
125,7e627f33-85f1-4861-9949-3347b365e299,,1100000,Bogota,
126,decf6cfb-bdfc-4a1c-9cd3-db6fc020c8f2, bgAAAAABjSEM4Ira1ED-Zg8QI_dboS30cMyf_2eLz0QuI2SJQmhcymJ9Cxsek3gkllAQTzTALL73dIpV9uyb6ouMlydcKFSug0Q==,9200000,Cartagena,
127,65e4023c-acee-4d74-a0c9-c6ec1d7f4c1d, bgAAAAABjSEM46yWKsSm7o9l8SnjWMsEVfEYiNLWt9us9KI6F_pl2qGzPIiPHDQZdnn7tIwjO1gCzrguBfE0iBhL6fIzoiMpxTg==,3300000,Sincelejo,
128,faccb548-eeb3-47c3-b425-b23dadcb8446,,1700000,Barranquilla,
129,3edd5e60-ada8-4ee6-af6e-841d2a3c4ec6, bgAAAAABjSEM4Lc0Ej-90SuMXZ13axl_BaY40T3w4w8ahW1uYoBjbHQ2y542BBHLQ_vOGd-b5cnohEPBD2Zm1DdwXrXr-U74n1A==,8900000,Medellin,224.206.115.230
130,ffe437ab-8bc2-4c2f-939f-f6d47706fdb1, bgAAAAABjSEM40L6ReGSYI-PwaNPcUh-xqpI0hoVS2f2BHZ-wtEF8WkcUgK9YbVX8aks-mqxLQ_Ja293NZSYN69wD0dvIKZXC1Q==,2500000,Santa Marta,197.234.217.145
131,a02a6b1e-4a16-43ed-a3e4-5effc41cd418,,5100000,Medellin,19.63.126.177
132,4980670d-6432-4d61-a180-7a77190d39a0,,4000000,Barranquilla,
133,95ce924b-351e-4420-84c0-6ee308eafca9, bgAAAAABjSEM4zGn_rSYgd8HdUlsoP69GYYhIeEQ2Qp2YrPhGxn7YtEm55ZRwnaWKCA1EFFa05ExrMFQDwbS9kVvGjU7fmEyogA==,5800000,Valledupar,138.93.2.151
134,b7727364-663c-4065-96e1-b6e0944f7895,,7700000,Santa Marta,
135,65e4023c-acee-4d74-a0c9-c6ec1d7f4c1d, bgAAAAABjSEM41U6ROqfgxHdZOkzKmmQSY0fr6zvJzjepofHyG6kFwgE1dcxmK6J95cnuPh_A7DN12LFLjg1mhYe-Ft22hVJ_Zw==,8400000,Cali,191.41.99.251
136,5f7bc087-6b7e-4f4a-bab7-2c85f94c5a24, bgAAAAABjSEM4jCfDL9lS53pfCgXnJ-nxtL2xYJhABfR3ZRPzcbKGKtngkfszZhDl-594scb20TXuJSpvvBGW-vORT2nxcxDtQg==,8000000,Pasto,28.241.190.255
137,ce7ed389-6c5d-4d22-a135-db4d0ba3490e,,7700000,Bogota,
138,9c72d701-aa11-482b-98fc-e91d7e6133e1,,7900000,Cartagena,179.209.223.157
139,89214074-36d9-43f4-a694-ee8f97751f66, bgAAAAABjSEM4sugvFlckiSMUKozfAbyUyXaDTxifZN4vrWHPafBwJexxPStEu10t51GTiEnuXiQHYcEWu0WVEyFbfxSe4C9-hg==,2600000,Armenia,
140,5f7bc087-6b7e-4f4a-bab7-2c85f94c5a24, bgAAAAABjSEM4SqGV5OEzpaGK2rbs-U2s1KGT6dhc4uO3-7g6WkKxvZGtS1aOFNri6appv-UeI925jZV9bfagcTfJfbCo7WDPGw==,9600000,Sincelejo,24.184.242.195
141,65e4023c-acee-4d74-a0c9-c6ec1d7f4c1d,,4700000,Cartagena,233.1.53.254
142,9c72d701-aa11-482b-98fc-e91d7e6133e1,,4500000,Barranquilla,
143,ffe437ab-8bc2-4c2f-939f-f6d47706fdb1,,4100000,Valledupar,
144,decf6cfb-bdfc-4a1c-9cd3-db6fc020c8f2,,1200000,Medellin,164.162.127.136
145,95ce924b-351e-4420-84c0-6ee308eafca9,,400000,Santa Marta,
146,89214074-36d9-43f4-a694-ee8f97751f66,,3300000,Pasto,245.252.233.246
147,3edd5e60-ada8-4ee6-af6e-841d2a3c4ec6, bgAAAAABjSEM4vGo9OPAwFJyZILCxhHWUHgyRU_4gDu426wuKQY0hOps533CS1qyYZ26W1HuYnRVgNDxoJxzuntWQJu2KZXYTwA==,3600000,Bogota,
148,b7727364-663c-4065-96e1-b6e0944f7895, bgAAAAABjSEM4BC26ez-HZyo2YX5roEvIEzVOY6LEQ6zbhbla9lqIguIoKv4yfgtmd0-r5h4J7F3gbDYfkKA6enN-g8xp3m0lxg==,4600000,Armenia,
149,4980670d-6432-4d61-a180-7a77190d39a0,,5800000,Sincelejo,228.55.52.52
150,5f7bc087-6b7e-4f4a-bab7-2c85f94c5a24, bgAAAAABjSEM4jCfDL9lS53pfCgXnJ-nxtL2xYJhABfR3ZRPzcbKGKtngkfszZhDl-594scb20TXuJSpvvBGW-vORT2nxcxDtQg==,6200000,Cali,94.134.154.170
151,a02a6b1e-4a16-43ed-a3e4-5effc41cd418,,7800000,Valledupar,
152,65e4023c-acee-4d74-a0c9-c6ec1d7f4c1d,,7300000,Cartagena,
153,5f7bc087-6b7e-4f4a-bab7-2c85f94c5a24,,1400000,Armenia,70.204.10.98
154,ffe437ab-8bc2-4c2f-939f-f6d47706fdb1, bgAAAAABjSEM4xL9hrEC1FNx2nyWs6DPhCltpszfgl1AudzUblC4vF5LLxnoZqNCja8ton6lGqd4v0MpSLDPacRExtk0YoS7mAA==,4900000,Medellin,97.200.123.198
155,7e627f33-85f1-4861-9949-3347b365e299,,9200000,Bogota,247.5.8.165
156,3edd5e60-ada8-4ee6-af6e-841d2a3c4ec6, bgAAAAABjSEM4Lc0Ej-90SuMXZ13axl_BaY40T3w4w8ahW1uYoBjbHQ2y542BBHLQ_vOGd-b5cnohEPBD2Zm1DdwXrXr-U74n1A==,2200000,Sincelejo,63.161.51.180
157,faccb548-eeb3-47c3-b425-b23dadcb8446,,3400000,Barranquilla,
158,65e4023c-acee-4d74-a0c9-c6ec1d7f4c1d,,9500000,Pasto,227.23.20.122
159,5f7bc087-6b7e-4f4a-bab7-2c85f94c5a24,,6100000,Santa Marta,103.146.250.233
160,ce7ed389-6c5d-4d22-a135-db4d0ba3490e,,2300000,Cali,72.119.179.54
161,5f7bc087-6b7e-4f4a-bab7-2c85f94c5a24,,3400000,Armenia,85.141.203.228
162,7e627f33-85f1-4861-9949-3347b365e299,,400000,Valledupar,164.71.27.211
163,3edd5e60-ada8-4ee6-af6e-841d2a3c4ec6,,2500000,Cali,111.232.245.39
164,5f7bc087-6b7e-4f4a-bab7-2c85f94c5a24,,7100000,Sincelejo,6.206.7.180
165,65e4023c-acee-4d74-a0c9-c6ec1d7f4c1d,,5300000,Santa Marta,239.139.6.199
166,89214074-36d9-43f4-a694-ee8f97751f66, bgAAAAABjSEM4sugvFlckiSMUKozfAbyUyXaDTxifZN4vrWHPafBwJexxPStEu10t51GTiEnuXiQHYcEWu0WVEyFbfxSe4C9-hg==,8700000,Cartagena,106.48.52.23
167,faccb548-eeb3-47c3-b425-b23dadcb8446,,4200000,Bogota,29.117.156.130
168,65e4023c-acee-4d74-a0c9-c6ec1d7f4c1d, bgAAAAABjSEM46yWKsSm7o9l8SnjWMsEVfEYiNLWt9us9KI6F_pl2qGzPIiPHDQZdnn7tIwjO1gCzrguBfE0iBhL6fIzoiMpxTg==,8400000,Pasto,
169,5f7bc087-6b7e-4f4a-bab7-2c85f94c5a24,,5600000,Barranquilla,67.100.182.162
170,b7727364-663c-4065-96e1-b6e0944f7895, bgAAAAABjSEM4BC26ez-HZyo2YX5roEvIEzVOY6LEQ6zbhbla9lqIguIoKv4yfgtmd0-r5h4J7F3gbDYfkKA6enN-g8xp3m0lxg==,1900000,Medellin,168.120.168.63
171,decf6cfb-bdfc-4a1c-9cd3-db6fc020c8f2, bgAAAAABjSEM4Ira1ED-Zg8QI_dboS30cMyf_2eLz0QuI2SJQmhcymJ9Cxsek3gkllAQTzTALL73dIpV9uyb6ouMlydcKFSug0Q==,7100000,Armenia,
172,ce7ed389-6c5d-4d22-a135-db4d0ba3490e,,1400000,Cali,
173,ffe437ab-8bc2-4c2f-939f-f6d47706fdb1,,2500000,Medellin,219.67.175.223
174,9c72d701-aa11-482b-98fc-e91d7e6133e1,,3300000,Barranquilla,246.134.176.20
175,a02a6b1e-4a16-43ed-a3e4-5effc41cd418,,6500000,Sincelejo,9.238.155.10
176,4980670d-6432-4d61-a180-7a77190d39a0,,5900000,Valledupar,47.75.163.200
177,65e4023c-acee-4d74-a0c9-c6ec1d7f4c1d,,2500000,Cartagena,
178,3edd5e60-ada8-4ee6-af6e-841d2a3c4ec6,,5700000,Bogota,
179,95ce924b-351e-4420-84c0-6ee308eafca9, bgAAAAABjSEM4zGn_rSYgd8HdUlsoP69GYYhIeEQ2Qp2YrPhGxn7YtEm55ZRwnaWKCA1EFFa05ExrMFQDwbS9kVvGjU7fmEyogA==,2700000,Pasto,22.69.104.187
180,ffe437ab-8bc2-4c2f-939f-f6d47706fdb1, bgAAAAABjSEM40L6ReGSYI-PwaNPcUh-xqpI0hoVS2f2BHZ-wtEF8WkcUgK9YbVX8aks-mqxLQ_Ja293NZSYN69wD0dvIKZXC1Q==,900000,Santa Marta,18.136.155.123
181,b7727364-663c-4065-96e1-b6e0944f7895,,1300000,Santa Marta,
182,4980670d-6432-4d61-a180-7a77190d39a0,,9500000,Medellin,10.100.73.5
183,9c72d701-aa11-482b-98fc-e91d7e6133e1,,3100000,Cali,
184,5f7bc087-6b7e-4f4a-bab7-2c85f94c5a24,,400000,Armenia,230.91.188.88
185,65e4023c-acee-4d74-a0c9-c6ec1d7f4c1d, bgAAAAABjSEM41U6ROqfgxHdZOkzKmmQSY0fr6zvJzjepofHyG6kFwgE1dcxmK6J95cnuPh_A7DN12LFLjg1mhYe-Ft22hVJ_Zw==,100000,Cartagena,7.238.197.186
186,3edd5e60-ada8-4ee6-af6e-841d2a3c4ec6,,8100000,Valledupar,212.30.218.230
187,a02a6b1e-4a16-43ed-a3e4-5effc41cd418,,6700000,Barranquilla,144.105.216.187
188,7e627f33-85f1-4861-9949-3347b365e299, bgAAAAABjSEM4AYNkSTDVPm9dMYKn53ZFRuT44ALaUxwsjEde312Hrx0IIhTDNBHZFI9joim0N9T9J6X3w0J03aspJCesR51uAg==,5200000,Bogota,203.61.102.88
189,65e4023c-acee-4d74-a0c9-c6ec1d7f4c1d,,6100000,Sincelejo,190.219.247.16
190,65e4023c-acee-4d74-a0c9-c6ec1d7f4c1d, bgAAAAABjSEM46yWKsSm7o9l8SnjWMsEVfEYiNLWt9us9KI6F_pl2qGzPIiPHDQZdnn7tIwjO1gCzrguBfE0iBhL6fIzoiMpxTg==,9100000,Pasto,115.162.190.81
191,95ce924b-351e-4420-84c0-6ee308eafca9,,2000000,Valledupar,94.50.170.230
192,5f7bc087-6b7e-4f4a-bab7-2c85f94c5a24,,10000000,Armenia,56.130.195.251
193,ce7ed389-6c5d-4d22-a135-db4d0ba3490e,,9500000,Bogota,232.164.96.135
194,5f7bc087-6b7e-4f4a-bab7-2c85f94c5a24,,4200000,Medellin,99.83.171.45
195,89214074-36d9-43f4-a694-ee8f97751f66,,6000000,Cartagena,
196,decf6cfb-bdfc-4a1c-9cd3-db6fc020c8f2,,5100000,Pasto,143.139.183.208
197,faccb548-eeb3-47c3-b425-b23dadcb8446, bgAAAAABjSEM4YEncpDZuuXrxB2vkCa6mSUSyHu67f20aTAobu1iZo00-Tg_QpVvLmJgQTUkmgHlN4ip3vyzVijL2RUQR2sFGWw==,5700000,Cali,132.20.119.199
198,ffe437ab-8bc2-4c2f-939f-f6d47706fdb1,,5200000,Barranquilla,71.91.162.119
199,3edd5e60-ada8-4ee6-af6e-841d2a3c4ec6,,600000,Santa Marta,80.67.98.104
200,ffe437ab-8bc2-4c2f-939f-f6d47706fdb1,,4200000,Sincelejo,136.4.154.192
201,ffe437ab-8bc2-4c2f-939f-f6d47706fdb1, bgAAAAABjSEM40L6ReGSYI-PwaNPcUh-xqpI0hoVS2f2BHZ-wtEF8WkcUgK9YbVX8aks-mqxLQ_Ja293NZSYN69wD0dvIKZXC1Q==,1800000,Sincelejo,
202,3edd5e60-ada8-4ee6-af6e-841d2a3c4ec6, bgAAAAABjSEM4vGo9OPAwFJyZILCxhHWUHgyRU_4gDu426wuKQY0hOps533CS1qyYZ26W1HuYnRVgNDxoJxzuntWQJu2KZXYTwA==,200000,Pasto,206.168.28.86
203,decf6cfb-bdfc-4a1c-9cd3-db6fc020c8f2,,1000000,Bogota,198.18.215.191
204,65e4023c-acee-4d74-a0c9-c6ec1d7f4c1d,,2000000,Barranquilla,124.212.83.18
205,3edd5e60-ada8-4ee6-af6e-841d2a3c4ec6,,8100000,Valledupar,79.83.215.15
206,7e627f33-85f1-4861-9949-3347b365e299,,6400000,Cartagena,199.134.149.227
207,ffe437ab-8bc2-4c2f-939f-f6d47706fdb1,,6600000,Medellin,159.22.232.223
208,65e4023c-acee-4d74-a0c9-c6ec1d7f4c1d, bgAAAAABjSEM4AoQY7WCPLdEfkBCDXQIlAzo6c1Py8Dw--GYm0QmJNMB3i0HOQORqagxgCLKkJwP4b1JuXTSwqQbDhhBCvxV7mQ==,6200000,Armenia,82.160.169.221
209,5f7bc087-6b7e-4f4a-bab7-2c85f94c5a24, bgAAAAABjSEM45n3M2ln4-y0whf0I8ZG9wGRwrzv86h4XDNqZ9CuosLxs0QJ5fS0mzEJGjF578ogugs0Pb082_x4VStz-9ML4Mw==,1300000,Santa Marta,
210,89214074-36d9-43f4-a694-ee8f97751f66, bgAAAAABjSEM4sugvFlckiSMUKozfAbyUyXaDTxifZN4vrWHPafBwJexxPStEu10t51GTiEnuXiQHYcEWu0WVEyFbfxSe4C9-hg==,4300000,Cali,119.101.236.172
211,b7727364-663c-4065-96e1-b6e0944f7895, bgAAAAABjSEM4BC26ez-HZyo2YX5roEvIEzVOY6LEQ6zbhbla9lqIguIoKv4yfgtmd0-r5h4J7F3gbDYfkKA6enN-g8xp3m0lxg==,7500000,Barranquilla,116.221.112.107
212,ce7ed389-6c5d-4d22-a135-db4d0ba3490e,,3800000,Bogota,199.108.69.85
213,95ce924b-351e-4420-84c0-6ee308eafca9, bgAAAAABjSEM4zGn_rSYgd8HdUlsoP69GYYhIeEQ2Qp2YrPhGxn7YtEm55ZRwnaWKCA1EFFa05ExrMFQDwbS9kVvGjU7fmEyogA==,1200000,Valledupar,83.174.116.133
214,4980670d-6432-4d61-a180-7a77190d39a0,,6300000,Armenia,187.10.177.74
215,5f7bc087-6b7e-4f4a-bab7-2c85f94c5a24,,3000000,Cali,255.24.150.78
216,a02a6b1e-4a16-43ed-a3e4-5effc41cd418,,600000,Santa Marta,65.223.107.130
217,5f7bc087-6b7e-4f4a-bab7-2c85f94c5a24,,6400000,Medellin,191.6.103.34
218,9c72d701-aa11-482b-98fc-e91d7e6133e1,,6800000,Cartagena,182.119.158.1
219,65e4023c-acee-4d74-a0c9-c6ec1d7f4c1d,,5700000,Sincelejo,
220,faccb548-eeb3-47c3-b425-b23dadcb8446,,3700000,Pasto,156.129.169.167
221,65e4023c-acee-4d74-a0c9-c6ec1d7f4c1d, bgAAAAABjSEM41U6ROqfgxHdZOkzKmmQSY0fr6zvJzjepofHyG6kFwgE1dcxmK6J95cnuPh_A7DN12LFLjg1mhYe-Ft22hVJ_Zw==,2200000,Medellin,150.62.216.83
222,ce7ed389-6c5d-4d22-a135-db4d0ba3490e,,1600000,Barranquilla,142.193.81.123
223,65e4023c-acee-4d74-a0c9-c6ec1d7f4c1d,,9100000,Armenia,40.249.76.100
224,7e627f33-85f1-4861-9949-3347b365e299,,3700000,Bogota,124.224.42.45
225,9c72d701-aa11-482b-98fc-e91d7e6133e1,,5000000,Sincelejo,
226,65e4023c-acee-4d74-a0c9-c6ec1d7f4c1d,,100000,Santa Marta,
227,89214074-36d9-43f4-a694-ee8f97751f66,,4500000,Cali,163.136.210.115
228,decf6cfb-bdfc-4a1c-9cd3-db6fc020c8f2,,3200000,Cartagena,87.145.211.245
229,ffe437ab-8bc2-4c2f-939f-f6d47706fdb1,,700000,Valledupar,251.2.69.162
230,ffe437ab-8bc2-4c2f-939f-f6d47706fdb1,,5100000,Pasto,227.164.75.48
231,b7727364-663c-4065-96e1-b6e0944f7895,,3900000,Santa Marta,11.56.143.152
232,95ce924b-351e-4420-84c0-6ee308eafca9,,2500000,Sincelejo,
233,5f7bc087-6b7e-4f4a-bab7-2c85f94c5a24,,8600000,Cali,
234,5f7bc087-6b7e-4f4a-bab7-2c85f94c5a24,,1000000,Armenia,145.169.11.173
235,faccb548-eeb3-47c3-b425-b23dadcb8446,,6600000,Barranquilla,97.195.250.15
236,3edd5e60-ada8-4ee6-af6e-841d2a3c4ec6,,8000000,Pasto,207.89.172.47
237,3edd5e60-ada8-4ee6-af6e-841d2a3c4ec6,,2400000,Bogota,41.152.41.104
238,5f7bc087-6b7e-4f4a-bab7-2c85f94c5a24,,6600000,Cartagena,
239,4980670d-6432-4d61-a180-7a77190d39a0,,6400000,Medellin,222.215.217.173
240,a02a6b1e-4a16-43ed-a3e4-5effc41cd418,,7000000,Valledupar,74.97.250.55
241,decf6cfb-bdfc-4a1c-9cd3-db6fc020c8f2,,9500000,Armenia,114.154.183.145
242,b7727364-663c-4065-96e1-b6e0944f7895,,5000000,Barranquilla,72.221.188.227
243,7e627f33-85f1-4861-9949-3347b365e299,,6400000,Sincelejo,
244,65e4023c-acee-4d74-a0c9-c6ec1d7f4c1d,,6600000,Medellin,175.231.147.154
245,5f7bc087-6b7e-4f4a-bab7-2c85f94c5a24,,7400000,Cali,138.4.243.227
246,ffe437ab-8bc2-4c2f-939f-f6d47706fdb1, bgAAAAABjSEM40L6ReGSYI-PwaNPcUh-xqpI0hoVS2f2BHZ-wtEF8WkcUgK9YbVX8aks-mqxLQ_Ja293NZSYN69wD0dvIKZXC1Q==,2600000,Santa Marta,
247,65e4023c-acee-4d74-a0c9-c6ec1d7f4c1d, bgAAAAABjSEM4AoQY7WCPLdEfkBCDXQIlAzo6c1Py8Dw--GYm0QmJNMB3i0HOQORqagxgCLKkJwP4b1JuXTSwqQbDhhBCvxV7mQ==,9300000,Bogota,107.252.169.52
248,3edd5e60-ada8-4ee6-af6e-841d2a3c4ec6,,5900000,Valledupar,42.84.160.209
249,ce7ed389-6c5d-4d22-a135-db4d0ba3490e,,600000,Pasto,
250,89214074-36d9-43f4-a694-ee8f97751f66,,9900000,Cartagena,
251,65e4023c-acee-4d74-a0c9-c6ec1d7f4c1d, bgAAAAABjSEM46yWKsSm7o9l8SnjWMsEVfEYiNLWt9us9KI6F_pl2qGzPIiPHDQZdnn7tIwjO1gCzrguBfE0iBhL6fIzoiMpxTg==,600000,Pasto,95.173.17.58
252,95ce924b-351e-4420-84c0-6ee308eafca9,,1300000,Santa Marta,173.96.83.164
253,5f7bc087-6b7e-4f4a-bab7-2c85f94c5a24,,3300000,Cartagena,
254,3edd5e60-ada8-4ee6-af6e-841d2a3c4ec6,,4400000,Sincelejo,
255,9c72d701-aa11-482b-98fc-e91d7e6133e1,,2100000,Medellin,57.143.53.90
256,a02a6b1e-4a16-43ed-a3e4-5effc41cd418,,3700000,Valledupar,
257,ffe437ab-8bc2-4c2f-939f-f6d47706fdb1,,600000,Barranquilla,93.223.190.243
258,5f7bc087-6b7e-4f4a-bab7-2c85f94c5a24,,4900000,Bogota,63.6.181.137
259,faccb548-eeb3-47c3-b425-b23dadcb8446,,3400000,Cali,
260,4980670d-6432-4d61-a180-7a77190d39a0,,4000000,Armenia,102.203.0.99
261,ffe437ab-8bc2-4c2f-939f-f6d47706fdb1,,2400000,Sincelejo,132.50.26.130
262,65e4023c-acee-4d74-a0c9-c6ec1d7f4c1d,,3400000,Valledupar,
263,a02a6b1e-4a16-43ed-a3e4-5effc41cd418,,5700000,Cartagena,177.172.114.188
264,3edd5e60-ada8-4ee6-af6e-841d2a3c4ec6,,8000000,Pasto,
265,9c72d701-aa11-482b-98fc-e91d7e6133e1,,300000,Armenia,83.131.91.220
266,5f7bc087-6b7e-4f4a-bab7-2c85f94c5a24,,1700000,Barranquilla,164.33.121.48
267,ffe437ab-8bc2-4c2f-939f-f6d47706fdb1, bgAAAAABjSEM4xL9hrEC1FNx2nyWs6DPhCltpszfgl1AudzUblC4vF5LLxnoZqNCja8ton6lGqd4v0MpSLDPacRExtk0YoS7mAA==,5500000,Cali,147.32.0.0
268,7e627f33-85f1-4861-9949-3347b365e299, bgAAAAABjSEM4AYNkSTDVPm9dMYKn53ZFRuT44ALaUxwsjEde312Hrx0IIhTDNBHZFI9joim0N9T9J6X3w0J03aspJCesR51uAg==,3200000,Bogota,47.50.18.219
269,5f7bc087-6b7e-4f4a-bab7-2c85f94c5a24, bgAAAAABjSEM4jCfDL9lS53pfCgXnJ-nxtL2xYJhABfR3ZRPzcbKGKtngkfszZhDl-594scb20TXuJSpvvBGW-vORT2nxcxDtQg==,4900000,Santa Marta,
270,3edd5e60-ada8-4ee6-af6e-841d2a3c4ec6,,700000,Medellin,
271,65e4023c-acee-4d74-a0c9-c6ec1d7f4c1d, bgAAAAABjSEM4AoQY7WCPLdEfkBCDXQIlAzo6c1Py8Dw--GYm0QmJNMB3i0HOQORqagxgCLKkJwP4b1JuXTSwqQbDhhBCvxV7mQ==,8500000,Bogota,127.6.163.159
272,95ce924b-351e-4420-84c0-6ee308eafca9,,1000000,Armenia,137.10.170.47
273,b7727364-663c-4065-96e1-b6e0944f7895,,3000000,Pasto,
274,decf6cfb-bdfc-4a1c-9cd3-db6fc020c8f2,,8200000,Sincelejo,224.205.119.156
275,65e4023c-acee-4d74-a0c9-c6ec1d7f4c1d,,4800000,Medellin,
276,4980670d-6432-4d61-a180-7a77190d39a0, bgAAAAABjSEM4QAVqa-l2STIl_N-jzkzHz1srW0nQD0-hTGZ7Q6SdKLOYiNQ5pLpdHM7wSZ3nuUTpkjEeGt_wGtCC29-MCjXe3g==,6900000,Barranquilla,228.137.154.255
277,ce7ed389-6c5d-4d22-a135-db4d0ba3490e,,8100000,Cali,7.169.221.119
278,89214074-36d9-43f4-a694-ee8f97751f66, bgAAAAABjSEM4sugvFlckiSMUKozfAbyUyXaDTxifZN4vrWHPafBwJexxPStEu10t51GTiEnuXiQHYcEWu0WVEyFbfxSe4C9-hg==,3600000,Valledupar,
279,faccb548-eeb3-47c3-b425-b23dadcb8446,,3000000,Santa Marta,164.93.88.125
280,5f7bc087-6b7e-4f4a-bab7-2c85f94c5a24,,800000,Cartagena,29.153.152.67
281,ce7ed389-6c5d-4d22-a135-db4d0ba3490e,,600000,Medellin,97.232.72.205
282,3edd5e60-ada8-4ee6-af6e-841d2a3c4ec6,,4800000,Valledupar,211.71.137.228
283,ffe437ab-8bc2-4c2f-939f-f6d47706fdb1, bgAAAAABjSEM40L6ReGSYI-PwaNPcUh-xqpI0hoVS2f2BHZ-wtEF8WkcUgK9YbVX8aks-mqxLQ_Ja293NZSYN69wD0dvIKZXC1Q==,4900000,Sincelejo,82.222.214.192
284,95ce924b-351e-4420-84c0-6ee308eafca9, bgAAAAABjSEM4zGn_rSYgd8HdUlsoP69GYYhIeEQ2Qp2YrPhGxn7YtEm55ZRwnaWKCA1EFFa05ExrMFQDwbS9kVvGjU7fmEyogA==,2000000,Barranquilla,156.47.27.135
285,7e627f33-85f1-4861-9949-3347b365e299,,3700000,Santa Marta,179.127.29.180
286,b7727364-663c-4065-96e1-b6e0944f7895,,200000,Cali,208.216.5.79
287,89214074-36d9-43f4-a694-ee8f97751f66, bgAAAAABjSEM4sugvFlckiSMUKozfAbyUyXaDTxifZN4vrWHPafBwJexxPStEu10t51GTiEnuXiQHYcEWu0WVEyFbfxSe4C9-hg==,8000000,Cartagena,231.114.130.212
288,4980670d-6432-4d61-a180-7a77190d39a0,,6000000,Bogota,30.51.100.58
289,3edd5e60-ada8-4ee6-af6e-841d2a3c4ec6,,9900000,Pasto,223.117.51.155
290,65e4023c-acee-4d74-a0c9-c6ec1d7f4c1d,,5200000,Armenia,208.204.94.110
291,65e4023c-acee-4d74-a0c9-c6ec1d7f4c1d,,7500000,Sincelejo,138.233.165.36
292,9c72d701-aa11-482b-98fc-e91d7e6133e1,,7200000,Cali,
293,5f7bc087-6b7e-4f4a-bab7-2c85f94c5a24, bgAAAAABjSEM45n3M2ln4-y0whf0I8ZG9wGRwrzv86h4XDNqZ9CuosLxs0QJ5fS0mzEJGjF578ogugs0Pb082_x4VStz-9ML4Mw==,9700000,Barranquilla,
294,5f7bc087-6b7e-4f4a-bab7-2c85f94c5a24,,3900000,Valledupar,
295,ffe437ab-8bc2-4c2f-939f-f6d47706fdb1,,2800000,Armenia,162.19.118.166
296,65e4023c-acee-4d74-a0c9-c6ec1d7f4c1d,,2400000,Medellin,192.223.9.18
297,a02a6b1e-4a16-43ed-a3e4-5effc41cd418,,7800000,Pasto,102.89.163.186
298,decf6cfb-bdfc-4a1c-9cd3-db6fc020c8f2,,8300000,Bogota,116.77.80.148
299,5f7bc087-6b7e-4f4a-bab7-2c85f94c5a24,,3000000,Santa Marta,
300,faccb548-eeb3-47c3-b425-b23dadcb8446, bgAAAAABjSEM4YEncpDZuuXrxB2vkCa6mSUSyHu67f20aTAobu1iZo00-Tg_QpVvLmJgQTUkmgHlN4ip3vyzVijL2RUQR2sFGWw==,5200000,Cartagena,54.192.179.168
301,9c72d701-aa11-482b-98fc-e91d7e6133e1,,300000,Cartagena,161.250.158.184
302,decf6cfb-bdfc-4a1c-9cd3-db6fc020c8f2,,900000,Sincelejo,43.237.19.101
303,a02a6b1e-4a16-43ed-a3e4-5effc41cd418,,8200000,Pasto,
304,5f7bc087-6b7e-4f4a-bab7-2c85f94c5a24,,8800000,Armenia,188.54.160.170
305,5f7bc087-6b7e-4f4a-bab7-2c85f94c5a24,,3200000,Santa Marta,136.139.78.205
306,ce7ed389-6c5d-4d22-a135-db4d0ba3490e,,1000000,Valledupar,220.23.250.169
307,faccb548-eeb3-47c3-b425-b23dadcb8446,,3600000,Medellin,122.50.43.182
308,65e4023c-acee-4d74-a0c9-c6ec1d7f4c1d,,7000000,Barranquilla,126.123.221.28
309,3edd5e60-ada8-4ee6-af6e-841d2a3c4ec6,,2500000,Cali,11.113.140.202
310,65e4023c-acee-4d74-a0c9-c6ec1d7f4c1d,,4600000,Bogota,240.124.0.157
311,7e627f33-85f1-4861-9949-3347b365e299,,5800000,Cali,42.159.122.226
312,3edd5e60-ada8-4ee6-af6e-841d2a3c4ec6,,2700000,Barranquilla,250.191.208.93
313,ffe437ab-8bc2-4c2f-939f-f6d47706fdb1, bgAAAAABjSEM40L6ReGSYI-PwaNPcUh-xqpI0hoVS2f2BHZ-wtEF8WkcUgK9YbVX8aks-mqxLQ_Ja293NZSYN69wD0dvIKZXC1Q==,9200000,Valledupar,8.251.255.18
314,89214074-36d9-43f4-a694-ee8f97751f66,,7900000,Sincelejo,139.14.84.139
315,95ce924b-351e-4420-84c0-6ee308eafca9,,9400000,Medellin,158.23.12.190
316,5f7bc087-6b7e-4f4a-bab7-2c85f94c5a24,,2500000,Cartagena,72.123.94.164
317,65e4023c-acee-4d74-a0c9-c6ec1d7f4c1d,,7600000,Pasto,82.96.215.119
318,b7727364-663c-4065-96e1-b6e0944f7895,,2800000,Armenia,227.226.4.91
319,4980670d-6432-4d61-a180-7a77190d39a0, bgAAAAABjSEM4QAVqa-l2STIl_N-jzkzHz1srW0nQD0-hTGZ7Q6SdKLOYiNQ5pLpdHM7wSZ3nuUTpkjEeGt_wGtCC29-MCjXe3g==,9000000,Bogota,
320,ffe437ab-8bc2-4c2f-939f-f6d47706fdb1,,5600000,Santa Marta,226.53.165.226
321,a02a6b1e-4a16-43ed-a3e4-5effc41cd418,,1300000,Pasto,
322,4980670d-6432-4d61-a180-7a77190d39a0,,2700000,Santa Marta,121.46.63.29
323,65e4023c-acee-4d74-a0c9-c6ec1d7f4c1d,,1000000,Armenia,
324,7e627f33-85f1-4861-9949-3347b365e299, bgAAAAABjSEM4AYNkSTDVPm9dMYKn53ZFRuT44ALaUxwsjEde312Hrx0IIhTDNBHZFI9joim0N9T9J6X3w0J03aspJCesR51uAg==,7200000,Bogota,125.172.59.71
325,65e4023c-acee-4d74-a0c9-c6ec1d7f4c1d, bgAAAAABjSEM4AoQY7WCPLdEfkBCDXQIlAzo6c1Py8Dw--GYm0QmJNMB3i0HOQORqagxgCLKkJwP4b1JuXTSwqQbDhhBCvxV7mQ==,5700000,Cartagena,
326,5f7bc087-6b7e-4f4a-bab7-2c85f94c5a24,,2700000,Valledupar,166.230.197.17
327,89214074-36d9-43f4-a694-ee8f97751f66, bgAAAAABjSEM4sugvFlckiSMUKozfAbyUyXaDTxifZN4vrWHPafBwJexxPStEu10t51GTiEnuXiQHYcEWu0WVEyFbfxSe4C9-hg==,2500000,Medellin,
328,3edd5e60-ada8-4ee6-af6e-841d2a3c4ec6,,400000,Cali,
329,ce7ed389-6c5d-4d22-a135-db4d0ba3490e,,4600000,Barranquilla,
330,ffe437ab-8bc2-4c2f-939f-f6d47706fdb1,,7400000,Sincelejo,
331,faccb548-eeb3-47c3-b425-b23dadcb8446,,10000000,Bogota,33.132.168.64
332,9c72d701-aa11-482b-98fc-e91d7e6133e1, bgAAAAABjSEM4wX9Ze2CH5cH_f9eKupGQ-17pokqgipKxQ3__i2cI2xw9RCNj-o7jdLFmSagQAPQ9vi5SNAUSIBZJ1-aYmFuJgw==,4400000,Medellin,220.36.156.40
333,95ce924b-351e-4420-84c0-6ee308eafca9,,7000000,Cali,
334,5f7bc087-6b7e-4f4a-bab7-2c85f94c5a24,,7000000,Sincelejo,
335,ffe437ab-8bc2-4c2f-939f-f6d47706fdb1,,3400000,Pasto,147.81.242.183
336,5f7bc087-6b7e-4f4a-bab7-2c85f94c5a24,,900000,Valledupar,231.247.3.162
337,65e4023c-acee-4d74-a0c9-c6ec1d7f4c1d,,3700000,Armenia,
338,3edd5e60-ada8-4ee6-af6e-841d2a3c4ec6, bgAAAAABjSEM4Lc0Ej-90SuMXZ13axl_BaY40T3w4w8ahW1uYoBjbHQ2y542BBHLQ_vOGd-b5cnohEPBD2Zm1DdwXrXr-U74n1A==,4800000,Barranquilla,212.193.24.12
339,decf6cfb-bdfc-4a1c-9cd3-db6fc020c8f2,,4800000,Santa Marta,
340,b7727364-663c-4065-96e1-b6e0944f7895, bgAAAAABjSEM4BC26ez-HZyo2YX5roEvIEzVOY6LEQ6zbhbla9lqIguIoKv4yfgtmd0-r5h4J7F3gbDYfkKA6enN-g8xp3m0lxg==,8000000,Cartagena,
341,a02a6b1e-4a16-43ed-a3e4-5effc41cd418,,9500000,Valledupar,162.236.44.248
342,65e4023c-acee-4d74-a0c9-c6ec1d7f4c1d,,8100000,Santa Marta,
343,b7727364-663c-4065-96e1-b6e0944f7895,,2800000,Medellin,136.140.82.102
344,ffe437ab-8bc2-4c2f-939f-f6d47706fdb1,,700000,Pasto,136.45.127.186
345,4980670d-6432-4d61-a180-7a77190d39a0,,5700000,Cali,5.204.52.66
346,65e4023c-acee-4d74-a0c9-c6ec1d7f4c1d,,5500000,Cartagena,135.75.240.27
347,7e627f33-85f1-4861-9949-3347b365e299, bgAAAAABjSEM4AYNkSTDVPm9dMYKn53ZFRuT44ALaUxwsjEde312Hrx0IIhTDNBHZFI9joim0N9T9J6X3w0J03aspJCesR51uAg==,1200000,Bogota,33.117.131.90
348,95ce924b-351e-4420-84c0-6ee308eafca9,,6000000,Barranquilla,236.255.49.189
349,5f7bc087-6b7e-4f4a-bab7-2c85f94c5a24,,6500000,Armenia,72.221.63.20
350,faccb548-eeb3-47c3-b425-b23dadcb8446,,2600000,Sincelejo,
351,65e4023c-acee-4d74-a0c9-c6ec1d7f4c1d,,1500000,Cartagena,
352,decf6cfb-bdfc-4a1c-9cd3-db6fc020c8f2,,5000000,Pasto,
353,9c72d701-aa11-482b-98fc-e91d7e6133e1,,500000,Bogota,24.198.250.211
354,3edd5e60-ada8-4ee6-af6e-841d2a3c4ec6, bgAAAAABjSEM4vGo9OPAwFJyZILCxhHWUHgyRU_4gDu426wuKQY0hOps533CS1qyYZ26W1HuYnRVgNDxoJxzuntWQJu2KZXYTwA==,5000000,Santa Marta,6.22.145.166
355,ce7ed389-6c5d-4d22-a135-db4d0ba3490e,,6100000,Valledupar,
356,89214074-36d9-43f4-a694-ee8f97751f66,,7500000,Medellin,204.220.208.63
357,ffe437ab-8bc2-4c2f-939f-f6d47706fdb1,,4900000,Barranquilla,29.100.189.211
358,5f7bc087-6b7e-4f4a-bab7-2c85f94c5a24,,400000,Armenia,180.124.196.2
359,5f7bc087-6b7e-4f4a-bab7-2c85f94c5a24,,3600000,Cali,214.177.76.78
360,3edd5e60-ada8-4ee6-af6e-841d2a3c4ec6, bgAAAAABjSEM4Lc0Ej-90SuMXZ13axl_BaY40T3w4w8ahW1uYoBjbHQ2y542BBHLQ_vOGd-b5cnohEPBD2Zm1DdwXrXr-U74n1A==,4500000,Sincelejo,
361,ffe437ab-8bc2-4c2f-939f-f6d47706fdb1,,200000,Barranquilla,247.236.23.199
362,decf6cfb-bdfc-4a1c-9cd3-db6fc020c8f2,,1200000,Valledupar,0.253.163.143
363,89214074-36d9-43f4-a694-ee8f97751f66,,1000000,Cartagena,
364,4980670d-6432-4d61-a180-7a77190d39a0,,4500000,Pasto,75.29.89.157
365,ffe437ab-8bc2-4c2f-939f-f6d47706fdb1,,6900000,Medellin,224.29.81.170
366,7e627f33-85f1-4861-9949-3347b365e299,,1500000,Santa Marta,144.44.138.191
367,65e4023c-acee-4d74-a0c9-c6ec1d7f4c1d,,9100000,Armenia,100.159.212.110
368,3edd5e60-ada8-4ee6-af6e-841d2a3c4ec6,,3800000,Bogota,
369,faccb548-eeb3-47c3-b425-b23dadcb8446,,1800000,Sincelejo,
370,b7727364-663c-4065-96e1-b6e0944f7895,,10000000,Cali,
371,5f7bc087-6b7e-4f4a-bab7-2c85f94c5a24, bgAAAAABjSEM4jCfDL9lS53pfCgXnJ-nxtL2xYJhABfR3ZRPzcbKGKtngkfszZhDl-594scb20TXuJSpvvBGW-vORT2nxcxDtQg==,2400000,Cali,62.86.233.3
372,5f7bc087-6b7e-4f4a-bab7-2c85f94c5a24,,4600000,Valledupar,166.156.184.133
373,65e4023c-acee-4d74-a0c9-c6ec1d7f4c1d, bgAAAAABjSEM4AoQY7WCPLdEfkBCDXQIlAzo6c1Py8Dw--GYm0QmJNMB3i0HOQORqagxgCLKkJwP4b1JuXTSwqQbDhhBCvxV7mQ==,9200000,Barranquilla,250.121.151.226
374,ce7ed389-6c5d-4d22-a135-db4d0ba3490e,,600000,Armenia,108.197.14.188
375,9c72d701-aa11-482b-98fc-e91d7e6133e1, bgAAAAABjSEM4wX9Ze2CH5cH_f9eKupGQ-17pokqgipKxQ3__i2cI2xw9RCNj-o7jdLFmSagQAPQ9vi5SNAUSIBZJ1-aYmFuJgw==,10000000,Medellin,254.22.127.147
376,a02a6b1e-4a16-43ed-a3e4-5effc41cd418,,2600000,Sincelejo,
377,65e4023c-acee-4d74-a0c9-c6ec1d7f4c1d,,4700000,Bogota,145.101.233.222
378,3edd5e60-ada8-4ee6-af6e-841d2a3c4ec6, bgAAAAABjSEM4Lc0Ej-90SuMXZ13axl_BaY40T3w4w8ahW1uYoBjbHQ2y542BBHLQ_vOGd-b5cnohEPBD2Zm1DdwXrXr-U74n1A==,4300000,Santa Marta,
379,95ce924b-351e-4420-84c0-6ee308eafca9,,8600000,Pasto,180.191.40.99
380,5f7bc087-6b7e-4f4a-bab7-2c85f94c5a24,,7700000,Cartagena,95.19.136.73
381,5f7bc087-6b7e-4f4a-bab7-2c85f94c5a24,,9700000,Valledupar,132.167.3.88
382,3edd5e60-ada8-4ee6-af6e-841d2a3c4ec6, bgAAAAABjSEM4Lc0Ej-90SuMXZ13axl_BaY40T3w4w8ahW1uYoBjbHQ2y542BBHLQ_vOGd-b5cnohEPBD2Zm1DdwXrXr-U74n1A==,5600000,Cartagena,42.48.214.56
383,b7727364-663c-4065-96e1-b6e0944f7895,,9900000,Santa Marta,
384,ce7ed389-6c5d-4d22-a135-db4d0ba3490e,,2200000,Pasto,
385,89214074-36d9-43f4-a694-ee8f97751f66,,5700000,Cali,179.100.248.5
386,4980670d-6432-4d61-a180-7a77190d39a0, bgAAAAABjSEM4QAVqa-l2STIl_N-jzkzHz1srW0nQD0-hTGZ7Q6SdKLOYiNQ5pLpdHM7wSZ3nuUTpkjEeGt_wGtCC29-MCjXe3g==,3800000,Bogota,
387,65e4023c-acee-4d74-a0c9-c6ec1d7f4c1d,,2900000,Barranquilla,
388,9c72d701-aa11-482b-98fc-e91d7e6133e1, bgAAAAABjSEM4wX9Ze2CH5cH_f9eKupGQ-17pokqgipKxQ3__i2cI2xw9RCNj-o7jdLFmSagQAPQ9vi5SNAUSIBZJ1-aYmFuJgw==,5900000,Armenia,203.30.52.148
389,7e627f33-85f1-4861-9949-3347b365e299,,2100000,Sincelejo,52.96.32.16
390,65e4023c-acee-4d74-a0c9-c6ec1d7f4c1d,,7700000,Medellin,29.116.86.181
391,ffe437ab-8bc2-4c2f-939f-f6d47706fdb1,,900000,Santa Marta,159.47.138.22
392,95ce924b-351e-4420-84c0-6ee308eafca9,,2400000,Bogota,
393,faccb548-eeb3-47c3-b425-b23dadcb8446,,9500000,Medellin,
394,decf6cfb-bdfc-4a1c-9cd3-db6fc020c8f2, bgAAAAABjSEM4Ira1ED-Zg8QI_dboS30cMyf_2eLz0QuI2SJQmhcymJ9Cxsek3gkllAQTzTALL73dIpV9uyb6ouMlydcKFSug0Q==,2700000,Sincelejo,67.190.227.225
395,ffe437ab-8bc2-4c2f-939f-f6d47706fdb1,,1700000,Armenia,
396,65e4023c-acee-4d74-a0c9-c6ec1d7f4c1d,,1000000,Valledupar,227.84.221.205
397,5f7bc087-6b7e-4f4a-bab7-2c85f94c5a24,,2300000,Cartagena,131.21.180.23
398,5f7bc087-6b7e-4f4a-bab7-2c85f94c5a24,,4400000,Barranquilla,85.35.242.60
399,a02a6b1e-4a16-43ed-a3e4-5effc41cd418,,2100000,Pasto,134.131.96.210
400,3edd5e60-ada8-4ee6-af6e-841d2a3c4ec6,,7700000,Cali,221.33.235.218
401,ffe437ab-8bc2-4c2f-939f-f6d47706fdb1,,500000,Valledupar,137.220.244.228
402,65e4023c-acee-4d74-a0c9-c6ec1d7f4c1d,,6400000,Armenia,
403,9c72d701-aa11-482b-98fc-e91d7e6133e1,,1400000,Barranquilla,169.177.201.210
404,3edd5e60-ada8-4ee6-af6e-841d2a3c4ec6,,6900000,Pasto,
405,ffe437ab-8bc2-4c2f-939f-f6d47706fdb1,,2300000,Santa Marta,
406,65e4023c-acee-4d74-a0c9-c6ec1d7f4c1d,,3000000,Sincelejo,
407,b7727364-663c-4065-96e1-b6e0944f7895,,7100000,Cartagena,145.75.48.172
408,faccb548-eeb3-47c3-b425-b23dadcb8446, bgAAAAABjSEM4YEncpDZuuXrxB2vkCa6mSUSyHu67f20aTAobu1iZo00-Tg_QpVvLmJgQTUkmgHlN4ip3vyzVijL2RUQR2sFGWw==,600000,Bogota,140.242.179.87
409,4980670d-6432-4d61-a180-7a77190d39a0,,7200000,Medellin,129.166.144.121
410,ce7ed389-6c5d-4d22-a135-db4d0ba3490e,,2700000,Cali,141.174.161.5
411,7e627f33-85f1-4861-9949-3347b365e299,,9000000,Medellin,
412,a02a6b1e-4a16-43ed-a3e4-5effc41cd418,,6500000,Cartagena,175.2.8.63
413,95ce924b-351e-4420-84c0-6ee308eafca9, bgAAAAABjSEM4zGn_rSYgd8HdUlsoP69GYYhIeEQ2Qp2YrPhGxn7YtEm55ZRwnaWKCA1EFFa05ExrMFQDwbS9kVvGjU7fmEyogA==,2800000,Cali,
414,5f7bc087-6b7e-4f4a-bab7-2c85f94c5a24,,6800000,Valledupar,152.236.169.162
415,5f7bc087-6b7e-4f4a-bab7-2c85f94c5a24, bgAAAAABjSEM45n3M2ln4-y0whf0I8ZG9wGRwrzv86h4XDNqZ9CuosLxs0QJ5fS0mzEJGjF578ogugs0Pb082_x4VStz-9ML4Mw==,2800000,Bogota,62.114.163.192
416,decf6cfb-bdfc-4a1c-9cd3-db6fc020c8f2,,2900000,Barranquilla,
417,3edd5e60-ada8-4ee6-af6e-841d2a3c4ec6,,1000000,Pasto,
418,65e4023c-acee-4d74-a0c9-c6ec1d7f4c1d,,9100000,Sincelejo,58.219.232.247
419,5f7bc087-6b7e-4f4a-bab7-2c85f94c5a24,,5700000,Armenia,76.188.170.96
420,89214074-36d9-43f4-a694-ee8f97751f66, bgAAAAABjSEM4sugvFlckiSMUKozfAbyUyXaDTxifZN4vrWHPafBwJexxPStEu10t51GTiEnuXiQHYcEWu0WVEyFbfxSe4C9-hg==,4000000,Santa Marta,77.140.108.253
421,b7727364-663c-4065-96e1-b6e0944f7895,,2100000,Cartagena,100.79.237.3
422,65e4023c-acee-4d74-a0c9-c6ec1d7f4c1d,,4100000,Armenia,
423,4980670d-6432-4d61-a180-7a77190d39a0,,7300000,Cali,253.128.231.2
424,89214074-36d9-43f4-a694-ee8f97751f66,,5600000,Sincelejo,
425,ce7ed389-6c5d-4d22-a135-db4d0ba3490e,,4000000,Bogota,38.78.206.135
426,5f7bc087-6b7e-4f4a-bab7-2c85f94c5a24,,9600000,Valledupar,249.22.18.87
427,decf6cfb-bdfc-4a1c-9cd3-db6fc020c8f2, bgAAAAABjSEM4Ira1ED-Zg8QI_dboS30cMyf_2eLz0QuI2SJQmhcymJ9Cxsek3gkllAQTzTALL73dIpV9uyb6ouMlydcKFSug0Q==,4200000,Medellin,163.93.8.54
428,7e627f33-85f1-4861-9949-3347b365e299,,9500000,Santa Marta,51.237.184.185
429,3edd5e60-ada8-4ee6-af6e-841d2a3c4ec6,,4200000,Pasto,
430,65e4023c-acee-4d74-a0c9-c6ec1d7f4c1d, bgAAAAABjSEM41U6ROqfgxHdZOkzKmmQSY0fr6zvJzjepofHyG6kFwgE1dcxmK6J95cnuPh_A7DN12LFLjg1mhYe-Ft22hVJ_Zw==,2600000,Barranquilla,244.59.244.175
431,ffe437ab-8bc2-4c2f-939f-f6d47706fdb1,,1500000,Cartagena,
432,95ce924b-351e-4420-84c0-6ee308eafca9,,7200000,Santa Marta,218.6.64.248
433,3edd5e60-ada8-4ee6-af6e-841d2a3c4ec6,,8500000,Pasto,166.44.219.245
434,9c72d701-aa11-482b-98fc-e91d7e6133e1, bgAAAAABjSEM4wX9Ze2CH5cH_f9eKupGQ-17pokqgipKxQ3__i2cI2xw9RCNj-o7jdLFmSagQAPQ9vi5SNAUSIBZJ1-aYmFuJgw==,900000,Sincelejo,145.23.141.172
435,5f7bc087-6b7e-4f4a-bab7-2c85f94c5a24, bgAAAAABjSEM4jCfDL9lS53pfCgXnJ-nxtL2xYJhABfR3ZRPzcbKGKtngkfszZhDl-594scb20TXuJSpvvBGW-vORT2nxcxDtQg==,3700000,Armenia,
436,faccb548-eeb3-47c3-b425-b23dadcb8446,,8100000,Valledupar,81.205.42.179
437,5f7bc087-6b7e-4f4a-bab7-2c85f94c5a24,,5100000,Medellin,80.14.75.181
438,65e4023c-acee-4d74-a0c9-c6ec1d7f4c1d,,7600000,Cali,
439,ffe437ab-8bc2-4c2f-939f-f6d47706fdb1, bgAAAAABjSEM4xL9hrEC1FNx2nyWs6DPhCltpszfgl1AudzUblC4vF5LLxnoZqNCja8ton6lGqd4v0MpSLDPacRExtk0YoS7mAA==,6700000,Barranquilla,
440,a02a6b1e-4a16-43ed-a3e4-5effc41cd418,,3800000,Bogota,176.177.249.123
441,5f7bc087-6b7e-4f4a-bab7-2c85f94c5a24,,5100000,Cali,
442,7e627f33-85f1-4861-9949-3347b365e299,,1800000,Armenia,
443,b7727364-663c-4065-96e1-b6e0944f7895,,5500000,Cartagena,
444,5f7bc087-6b7e-4f4a-bab7-2c85f94c5a24,,200000,Valledupar,82.213.185.144
445,faccb548-eeb3-47c3-b425-b23dadcb8446,,8800000,Sincelejo,
446,65e4023c-acee-4d74-a0c9-c6ec1d7f4c1d,,4500000,Santa Marta,
447,3edd5e60-ada8-4ee6-af6e-841d2a3c4ec6,,9700000,Pasto,41.64.101.59
448,89214074-36d9-43f4-a694-ee8f97751f66,,2200000,Bogota,230.84.137.165
449,5f7bc087-6b7e-4f4a-bab7-2c85f94c5a24,,4500000,Medellin,213.129.0.206
450,3edd5e60-ada8-4ee6-af6e-841d2a3c4ec6,,4500000,Barranquilla,48.139.19.174
451,65e4023c-acee-4d74-a0c9-c6ec1d7f4c1d,,1000000,Cartagena,253.121.61.138
452,ffe437ab-8bc2-4c2f-939f-f6d47706fdb1, bgAAAAABjSEM40L6ReGSYI-PwaNPcUh-xqpI0hoVS2f2BHZ-wtEF8WkcUgK9YbVX8aks-mqxLQ_Ja293NZSYN69wD0dvIKZXC1Q==,4200000,Cali,153.19.58.176
453,ce7ed389-6c5d-4d22-a135-db4d0ba3490e, bgAAAAABjSEM4neufr0N9v0h0sr82zi9ghkLj4jcCTQErZ3ZJZ5uHBdfMDiDFgHpvTkWGMMsL8_FvvDtcZh4Zz5ltPIqDuQtKfw==,100000,Medellin,61.130.151.250
454,a02a6b1e-4a16-43ed-a3e4-5effc41cd418,,2100000,Sincelejo,
455,95ce924b-351e-4420-84c0-6ee308eafca9,,1700000,Armenia,145.232.175.4
456,ffe437ab-8bc2-4c2f-939f-f6d47706fdb1,,4100000,Bogota,235.140.67.237
457,65e4023c-acee-4d74-a0c9-c6ec1d7f4c1d,,6800000,Pasto,205.3.234.4
458,9c72d701-aa11-482b-98fc-e91d7e6133e1,,8900000,Barranquilla,
459,decf6cfb-bdfc-4a1c-9cd3-db6fc020c8f2,,5800000,Valledupar,55.178.65.167
460,4980670d-6432-4d61-a180-7a77190d39a0,,6600000,Santa Marta,21.97.232.138
461,4980670d-6432-4d61-a180-7a77190d39a0,,6700000,Armenia,
462,ffe437ab-8bc2-4c2f-939f-f6d47706fdb1, bgAAAAABjSEM40L6ReGSYI-PwaNPcUh-xqpI0hoVS2f2BHZ-wtEF8WkcUgK9YbVX8aks-mqxLQ_Ja293NZSYN69wD0dvIKZXC1Q==,7600000,Valledupar,
463,65e4023c-acee-4d74-a0c9-c6ec1d7f4c1d,,7800000,Barranquilla,193.21.58.79
464,5f7bc087-6b7e-4f4a-bab7-2c85f94c5a24,,2000000,Sincelejo,40.246.201.132
465,89214074-36d9-43f4-a694-ee8f97751f66, bgAAAAABjSEM4sugvFlckiSMUKozfAbyUyXaDTxifZN4vrWHPafBwJexxPStEu10t51GTiEnuXiQHYcEWu0WVEyFbfxSe4C9-hg==,400000,Cali,229.166.72.188
466,a02a6b1e-4a16-43ed-a3e4-5effc41cd418,,2200000,Medellin,171.95.69.12
467,ffe437ab-8bc2-4c2f-939f-f6d47706fdb1,,7900000,Santa Marta,130.195.34.61
468,5f7bc087-6b7e-4f4a-bab7-2c85f94c5a24,,1600000,Bogota,140.232.50.236
469,65e4023c-acee-4d74-a0c9-c6ec1d7f4c1d,,9100000,Cartagena,3.13.12.119
470,5f7bc087-6b7e-4f4a-bab7-2c85f94c5a24,,2100000,Pasto,
471,3edd5e60-ada8-4ee6-af6e-841d2a3c4ec6,,200000,Cartagena,84.114.26.242
472,3edd5e60-ada8-4ee6-af6e-841d2a3c4ec6,,8700000,Armenia,111.62.56.122
473,65e4023c-acee-4d74-a0c9-c6ec1d7f4c1d,,8900000,Barranquilla,208.39.187.15
474,decf6cfb-bdfc-4a1c-9cd3-db6fc020c8f2,,6900000,Medellin,
475,7e627f33-85f1-4861-9949-3347b365e299, bgAAAAABjSEM4AYNkSTDVPm9dMYKn53ZFRuT44ALaUxwsjEde312Hrx0IIhTDNBHZFI9joim0N9T9J6X3w0J03aspJCesR51uAg==,5300000,Valledupar,10.99.203.204
476,95ce924b-351e-4420-84c0-6ee308eafca9,,2000000,Santa Marta,6.221.111.247
477,ce7ed389-6c5d-4d22-a135-db4d0ba3490e,,3200000,Bogota,164.223.37.189
478,9c72d701-aa11-482b-98fc-e91d7e6133e1,,9800000,Sincelejo,120.41.54.9
479,b7727364-663c-4065-96e1-b6e0944f7895,,4100000,Pasto,32.152.53.156
480,faccb548-eeb3-47c3-b425-b23dadcb8446,,10000000,Cali,229.144.21.205
481,5f7bc087-6b7e-4f4a-bab7-2c85f94c5a24,,800000,Armenia,4.109.53.129
482,faccb548-eeb3-47c3-b425-b23dadcb8446,,8500000,Pasto,171.244.27.162
483,65e4023c-acee-4d74-a0c9-c6ec1d7f4c1d, bgAAAAABjSEM46yWKsSm7o9l8SnjWMsEVfEYiNLWt9us9KI6F_pl2qGzPIiPHDQZdnn7tIwjO1gCzrguBfE0iBhL6fIzoiMpxTg==,5400000,Medellin,12.251.208.10
484,ce7ed389-6c5d-4d22-a135-db4d0ba3490e,,1300000,Cali,104.204.11.8
485,decf6cfb-bdfc-4a1c-9cd3-db6fc020c8f2,,100000,Bogota,
486,7e627f33-85f1-4861-9949-3347b365e299,,7400000,Sincelejo,201.87.164.170
487,a02a6b1e-4a16-43ed-a3e4-5effc41cd418, bgAAAAABjSEM4KiKCqj8nGBPImq78cGvTVSj1bF6l77B1C4aXw25fvPI3PdGNTYyge8ZKstbLoYXQ5lzDZ_P9_UCE1ptNfKW3fg==,700000,Cartagena,135.172.72.20
488,65e4023c-acee-4d74-a0c9-c6ec1d7f4c1d,,4000000,Santa Marta,65.125.169.188
489,5f7bc087-6b7e-4f4a-bab7-2c85f94c5a24,,5200000,Valledupar,
490,4980670d-6432-4d61-a180-7a77190d39a0, bgAAAAABjSEM4QAVqa-l2STIl_N-jzkzHz1srW0nQD0-hTGZ7Q6SdKLOYiNQ5pLpdHM7wSZ3nuUTpkjEeGt_wGtCC29-MCjXe3g==,4500000,Barranquilla,255.94.22.196
491,65e4023c-acee-4d74-a0c9-c6ec1d7f4c1d, bgAAAAABjSEM4AoQY7WCPLdEfkBCDXQIlAzo6c1Py8Dw--GYm0QmJNMB3i0HOQORqagxgCLKkJwP4b1JuXTSwqQbDhhBCvxV7mQ==,700000,Pasto,107.91.101.45
492,b7727364-663c-4065-96e1-b6e0944f7895,,7700000,Sincelejo,56.128.223.236
493,3edd5e60-ada8-4ee6-af6e-841d2a3c4ec6,,5700000,Valledupar,247.249.13.248
494,9c72d701-aa11-482b-98fc-e91d7e6133e1,,4100000,Bogota,156.107.159.122
495,95ce924b-351e-4420-84c0-6ee308eafca9,,7700000,Armenia,152.56.12.239
496,89214074-36d9-43f4-a694-ee8f97751f66,,4600000,Barranquilla,29.161.16.153
497,ffe437ab-8bc2-4c2f-939f-f6d47706fdb1,,9600000,Medellin,189.111.124.158
498,ffe437ab-8bc2-4c2f-939f-f6d47706fdb1,,7700000,Cali,
499,3edd5e60-ada8-4ee6-af6e-841d2a3c4ec6,,3900000,Cartagena,104.50.46.219
500,5f7bc087-6b7e-4f4a-bab7-2c85f94c5a24, bgAAAAABjSEM4SqGV5OEzpaGK2rbs-U2s1KGT6dhc4uO3-7g6WkKxvZGtS1aOFNri6appv-UeI925jZV9bfagcTfJfbCo7WDPGw==,3000000,Santa Marta,
501,ffe437ab-8bc2-4c2f-939f-f6d47706fdb1,,6800000,Santa Marta,231.176.100.216
502,89214074-36d9-43f4-a694-ee8f97751f66, bgAAAAABjSEM4sugvFlckiSMUKozfAbyUyXaDTxifZN4vrWHPafBwJexxPStEu10t51GTiEnuXiQHYcEWu0WVEyFbfxSe4C9-hg==,800000,Medellin,
503,65e4023c-acee-4d74-a0c9-c6ec1d7f4c1d, bgAAAAABjSEM46yWKsSm7o9l8SnjWMsEVfEYiNLWt9us9KI6F_pl2qGzPIiPHDQZdnn7tIwjO1gCzrguBfE0iBhL6fIzoiMpxTg==,9500000,Armenia,70.8.66.230
504,ffe437ab-8bc2-4c2f-939f-f6d47706fdb1,,2200000,Cartagena,
505,3edd5e60-ada8-4ee6-af6e-841d2a3c4ec6,,1300000,Sincelejo,159.49.10.94
506,3edd5e60-ada8-4ee6-af6e-841d2a3c4ec6,,2400000,Pasto,198.59.145.40
507,4980670d-6432-4d61-a180-7a77190d39a0,,1300000,Valledupar,156.190.80.111
508,9c72d701-aa11-482b-98fc-e91d7e6133e1,,7700000,Bogota,
509,95ce924b-351e-4420-84c0-6ee308eafca9, bgAAAAABjSEM4zGn_rSYgd8HdUlsoP69GYYhIeEQ2Qp2YrPhGxn7YtEm55ZRwnaWKCA1EFFa05ExrMFQDwbS9kVvGjU7fmEyogA==,5200000,Cali,85.1.37.241
510,b7727364-663c-4065-96e1-b6e0944f7895,,4700000,Barranquilla,
511,5f7bc087-6b7e-4f4a-bab7-2c85f94c5a24,,8800000,Cartagena,
512,faccb548-eeb3-47c3-b425-b23dadcb8446,,8900000,Pasto,112.236.231.16
513,65e4023c-acee-4d74-a0c9-c6ec1d7f4c1d,,4800000,Bogota,139.86.125.102
514,65e4023c-acee-4d74-a0c9-c6ec1d7f4c1d, bgAAAAABjSEM4AoQY7WCPLdEfkBCDXQIlAzo6c1Py8Dw--GYm0QmJNMB3i0HOQORqagxgCLKkJwP4b1JuXTSwqQbDhhBCvxV7mQ==,4500000,Cali,92.117.20.167
515,5f7bc087-6b7e-4f4a-bab7-2c85f94c5a24,,8400000,Sincelejo,102.12.6.78
516,decf6cfb-bdfc-4a1c-9cd3-db6fc020c8f2, bgAAAAABjSEM4Ira1ED-Zg8QI_dboS30cMyf_2eLz0QuI2SJQmhcymJ9Cxsek3gkllAQTzTALL73dIpV9uyb6ouMlydcKFSug0Q==,6400000,Santa Marta,
517,a02a6b1e-4a16-43ed-a3e4-5effc41cd418,,1700000,Medellin,186.43.135.49
518,ce7ed389-6c5d-4d22-a135-db4d0ba3490e, bgAAAAABjSEM4neufr0N9v0h0sr82zi9ghkLj4jcCTQErZ3ZJZ5uHBdfMDiDFgHpvTkWGMMsL8_FvvDtcZh4Zz5ltPIqDuQtKfw==,5400000,Valledupar,
519,7e627f33-85f1-4861-9949-3347b365e299, bgAAAAABjSEM4AYNkSTDVPm9dMYKn53ZFRuT44ALaUxwsjEde312Hrx0IIhTDNBHZFI9joim0N9T9J6X3w0J03aspJCesR51uAg==,2000000,Armenia,223.180.36.87
520,5f7bc087-6b7e-4f4a-bab7-2c85f94c5a24,,4300000,Barranquilla,131.112.0.125
521,95ce924b-351e-4420-84c0-6ee308eafca9,,1700000,Valledupar,
522,9c72d701-aa11-482b-98fc-e91d7e6133e1,,2900000,Cartagena,159.85.30.146
523,89214074-36d9-43f4-a694-ee8f97751f66,,3000000,Santa Marta,7.2.37.189
524,a02a6b1e-4a16-43ed-a3e4-5effc41cd418,,7100000,Medellin,169.250.164.100
525,65e4023c-acee-4d74-a0c9-c6ec1d7f4c1d,,2500000,Sincelejo,86.166.61.1
526,faccb548-eeb3-47c3-b425-b23dadcb8446,,7200000,Cali,82.19.218.133
527,ffe437ab-8bc2-4c2f-939f-f6d47706fdb1,,500000,Armenia,
528,ce7ed389-6c5d-4d22-a135-db4d0ba3490e,,1200000,Barranquilla,34.136.5.171
529,b7727364-663c-4065-96e1-b6e0944f7895,,9400000,Pasto,55.83.195.39
530,5f7bc087-6b7e-4f4a-bab7-2c85f94c5a24,,6700000,Bogota,110.239.190.112
531,65e4023c-acee-4d74-a0c9-c6ec1d7f4c1d, bgAAAAABjSEM4AoQY7WCPLdEfkBCDXQIlAzo6c1Py8Dw--GYm0QmJNMB3i0HOQORqagxgCLKkJwP4b1JuXTSwqQbDhhBCvxV7mQ==,800000,Cartagena,186.156.217.38
532,5f7bc087-6b7e-4f4a-bab7-2c85f94c5a24,,1000000,Sincelejo,140.163.63.188
533,3edd5e60-ada8-4ee6-af6e-841d2a3c4ec6, bgAAAAABjSEM4Lc0Ej-90SuMXZ13axl_BaY40T3w4w8ahW1uYoBjbHQ2y542BBHLQ_vOGd-b5cnohEPBD2Zm1DdwXrXr-U74n1A==,700000,Valledupar,168.46.232.86
534,4980670d-6432-4d61-a180-7a77190d39a0,,7100000,Cali,
535,5f7bc087-6b7e-4f4a-bab7-2c85f94c5a24,,2200000,Barranquilla,68.205.40.185
536,3edd5e60-ada8-4ee6-af6e-841d2a3c4ec6,,8500000,Pasto,101.81.152.254
537,ffe437ab-8bc2-4c2f-939f-f6d47706fdb1, bgAAAAABjSEM4xL9hrEC1FNx2nyWs6DPhCltpszfgl1AudzUblC4vF5LLxnoZqNCja8ton6lGqd4v0MpSLDPacRExtk0YoS7mAA==,5500000,Bogota,
538,decf6cfb-bdfc-4a1c-9cd3-db6fc020c8f2, bgAAAAABjSEM4Ira1ED-Zg8QI_dboS30cMyf_2eLz0QuI2SJQmhcymJ9Cxsek3gkllAQTzTALL73dIpV9uyb6ouMlydcKFSug0Q==,1100000,Armenia,
539,7e627f33-85f1-4861-9949-3347b365e299,,1500000,Santa Marta,158.231.94.75
540,65e4023c-acee-4d74-a0c9-c6ec1d7f4c1d,,7300000,Medellin,180.5.155.204
541,b7727364-663c-4065-96e1-b6e0944f7895,,5400000,Medellin,99.231.208.32
542,3edd5e60-ada8-4ee6-af6e-841d2a3c4ec6,,3500000,Barranquilla,215.78.172.43
543,95ce924b-351e-4420-84c0-6ee308eafca9,,900000,Valledupar,
544,ce7ed389-6c5d-4d22-a135-db4d0ba3490e,,8800000,Armenia,
545,ffe437ab-8bc2-4c2f-939f-f6d47706fdb1, bgAAAAABjSEM4xL9hrEC1FNx2nyWs6DPhCltpszfgl1AudzUblC4vF5LLxnoZqNCja8ton6lGqd4v0MpSLDPacRExtk0YoS7mAA==,8900000,Pasto,
546,65e4023c-acee-4d74-a0c9-c6ec1d7f4c1d, bgAAAAABjSEM46yWKsSm7o9l8SnjWMsEVfEYiNLWt9us9KI6F_pl2qGzPIiPHDQZdnn7tIwjO1gCzrguBfE0iBhL6fIzoiMpxTg==,4900000,Cali,250.25.235.114
547,5f7bc087-6b7e-4f4a-bab7-2c85f94c5a24,,700000,Cartagena,173.55.215.111
548,4980670d-6432-4d61-a180-7a77190d39a0, bgAAAAABjSEM4QAVqa-l2STIl_N-jzkzHz1srW0nQD0-hTGZ7Q6SdKLOYiNQ5pLpdHM7wSZ3nuUTpkjEeGt_wGtCC29-MCjXe3g==,1700000,Sincelejo,
549,a02a6b1e-4a16-43ed-a3e4-5effc41cd418, bgAAAAABjSEM4KiKCqj8nGBPImq78cGvTVSj1bF6l77B1C4aXw25fvPI3PdGNTYyge8ZKstbLoYXQ5lzDZ_P9_UCE1ptNfKW3fg==,4600000,Santa Marta,75.131.62.19
550,65e4023c-acee-4d74-a0c9-c6ec1d7f4c1d,,3800000,Bogota,
551,9c72d701-aa11-482b-98fc-e91d7e6133e1,,700000,Santa Marta,
552,5f7bc087-6b7e-4f4a-bab7-2c85f94c5a24,,1400000,Medellin,201.107.137.138
553,decf6cfb-bdfc-4a1c-9cd3-db6fc020c8f2, bgAAAAABjSEM4Ira1ED-Zg8QI_dboS30cMyf_2eLz0QuI2SJQmhcymJ9Cxsek3gkllAQTzTALL73dIpV9uyb6ouMlydcKFSug0Q==,300000,Bogota,82.245.145.163
554,5f7bc087-6b7e-4f4a-bab7-2c85f94c5a24,,500000,Armenia,203.202.8.67
555,faccb548-eeb3-47c3-b425-b23dadcb8446,,7800000,Cali,77.90.18.136
556,89214074-36d9-43f4-a694-ee8f97751f66,,6000000,Cartagena,227.27.94.11
557,65e4023c-acee-4d74-a0c9-c6ec1d7f4c1d,,8200000,Valledupar,
558,3edd5e60-ada8-4ee6-af6e-841d2a3c4ec6, bgAAAAABjSEM4Lc0Ej-90SuMXZ13axl_BaY40T3w4w8ahW1uYoBjbHQ2y542BBHLQ_vOGd-b5cnohEPBD2Zm1DdwXrXr-U74n1A==,3000000,Pasto,166.255.224.12
559,7e627f33-85f1-4861-9949-3347b365e299,,400000,Barranquilla,77.227.254.176
560,ffe437ab-8bc2-4c2f-939f-f6d47706fdb1, bgAAAAABjSEM40L6ReGSYI-PwaNPcUh-xqpI0hoVS2f2BHZ-wtEF8WkcUgK9YbVX8aks-mqxLQ_Ja293NZSYN69wD0dvIKZXC1Q==,9800000,Sincelejo,196.5.13.0
561,decf6cfb-bdfc-4a1c-9cd3-db6fc020c8f2,,5200000,Valledupar,147.114.197.15
562,65e4023c-acee-4d74-a0c9-c6ec1d7f4c1d, bgAAAAABjSEM41U6ROqfgxHdZOkzKmmQSY0fr6zvJzjepofHyG6kFwgE1dcxmK6J95cnuPh_A7DN12LFLjg1mhYe-Ft22hVJ_Zw==,400000,Pasto,129.245.110.159
563,faccb548-eeb3-47c3-b425-b23dadcb8446, bgAAAAABjSEM4YEncpDZuuXrxB2vkCa6mSUSyHu67f20aTAobu1iZo00-Tg_QpVvLmJgQTUkmgHlN4ip3vyzVijL2RUQR2sFGWw==,9400000,Bogota,14.105.101.86
564,b7727364-663c-4065-96e1-b6e0944f7895,,6900000,Barranquilla,187.195.82.215
565,3edd5e60-ada8-4ee6-af6e-841d2a3c4ec6,,5600000,Cartagena,80.156.188.227
566,5f7bc087-6b7e-4f4a-bab7-2c85f94c5a24,,700000,Santa Marta,117.150.54.247
567,5f7bc087-6b7e-4f4a-bab7-2c85f94c5a24,,9000000,Armenia,248.6.31.21
568,ce7ed389-6c5d-4d22-a135-db4d0ba3490e,,2500000,Cali,
569,ffe437ab-8bc2-4c2f-939f-f6d47706fdb1,,1700000,Medellin,182.65.119.105
570,3edd5e60-ada8-4ee6-af6e-841d2a3c4ec6,,2000000,Sincelejo,58.175.42.233
571,5f7bc087-6b7e-4f4a-bab7-2c85f94c5a24,,5900000,Pasto,
572,95ce924b-351e-4420-84c0-6ee308eafca9,,8500000,Sincelejo,4.158.158.149
573,ffe437ab-8bc2-4c2f-939f-f6d47706fdb1,,4300000,Bogota,
574,65e4023c-acee-4d74-a0c9-c6ec1d7f4c1d,,3200000,Barranquilla,
575,a02a6b1e-4a16-43ed-a3e4-5effc41cd418,,6400000,Medellin,185.210.44.123
576,89214074-36d9-43f4-a694-ee8f97751f66,,900000,Cartagena,43.127.207.170
577,9c72d701-aa11-482b-98fc-e91d7e6133e1,,3400000,Armenia,50.69.172.26
578,65e4023c-acee-4d74-a0c9-c6ec1d7f4c1d,,6700000,Cali,126.106.172.152
579,4980670d-6432-4d61-a180-7a77190d39a0,,7500000,Valledupar,207.12.64.66
580,7e627f33-85f1-4861-9949-3347b365e299,,5600000,Santa Marta,159.31.75.251
581,95ce924b-351e-4420-84c0-6ee308eafca9,,5800000,Valledupar,160.248.119.216
582,ce7ed389-6c5d-4d22-a135-db4d0ba3490e,,5500000,Santa Marta,176.28.79.16
583,65e4023c-acee-4d74-a0c9-c6ec1d7f4c1d,,4600000,Sincelejo,80.108.132.253
584,ffe437ab-8bc2-4c2f-939f-f6d47706fdb1,,7500000,Bogota,10.64.230.125
585,5f7bc087-6b7e-4f4a-bab7-2c85f94c5a24,,8500000,Armenia,181.146.10.43
586,ffe437ab-8bc2-4c2f-939f-f6d47706fdb1,,3100000,Cartagena,
587,faccb548-eeb3-47c3-b425-b23dadcb8446,,1200000,Cali,204.20.49.51
588,9c72d701-aa11-482b-98fc-e91d7e6133e1,,1800000,Barranquilla,
589,3edd5e60-ada8-4ee6-af6e-841d2a3c4ec6,,3400000,Pasto,
590,5f7bc087-6b7e-4f4a-bab7-2c85f94c5a24, bgAAAAABjSEM4SqGV5OEzpaGK2rbs-U2s1KGT6dhc4uO3-7g6WkKxvZGtS1aOFNri6appv-UeI925jZV9bfagcTfJfbCo7WDPGw==,5600000,Medellin,
591,3edd5e60-ada8-4ee6-af6e-841d2a3c4ec6,,4200000,Barranquilla,99.148.74.4
592,89214074-36d9-43f4-a694-ee8f97751f66,,800000,Armenia,59.164.38.209
593,65e4023c-acee-4d74-a0c9-c6ec1d7f4c1d, bgAAAAABjSEM41U6ROqfgxHdZOkzKmmQSY0fr6zvJzjepofHyG6kFwgE1dcxmK6J95cnuPh_A7DN12LFLjg1mhYe-Ft22hVJ_Zw==,9600000,Valledupar,28.19.207.214
594,5f7bc087-6b7e-4f4a-bab7-2c85f94c5a24,,1200000,Cartagena,25.187.150.165
595,a02a6b1e-4a16-43ed-a3e4-5effc41cd418,,3200000,Bogota,
596,4980670d-6432-4d61-a180-7a77190d39a0,,5900000,Sincelejo,
597,decf6cfb-bdfc-4a1c-9cd3-db6fc020c8f2,,7400000,Cali,253.200.170.75
598,65e4023c-acee-4d74-a0c9-c6ec1d7f4c1d, bgAAAAABjSEM4AoQY7WCPLdEfkBCDXQIlAzo6c1Py8Dw--GYm0QmJNMB3i0HOQORqagxgCLKkJwP4b1JuXTSwqQbDhhBCvxV7mQ==,6800000,Santa Marta,
599,7e627f33-85f1-4861-9949-3347b365e299,,900000,Pasto,
600,b7727364-663c-4065-96e1-b6e0944f7895,,1400000,Medellin,212.71.134.56
601,ffe437ab-8bc2-4c2f-939f-f6d47706fdb1,,8400000,Sincelejo,163.170.65.63
602,b7727364-663c-4065-96e1-b6e0944f7895,,4600000,Medellin,102.7.174.180
603,faccb548-eeb3-47c3-b425-b23dadcb8446,,1000000,Pasto,37.246.152.112
604,65e4023c-acee-4d74-a0c9-c6ec1d7f4c1d,,5700000,Valledupar,190.7.8.170
605,ffe437ab-8bc2-4c2f-939f-f6d47706fdb1,,5100000,Cali,160.162.93.230
606,3edd5e60-ada8-4ee6-af6e-841d2a3c4ec6,,6400000,Santa Marta,93.20.63.134
607,a02a6b1e-4a16-43ed-a3e4-5effc41cd418,,4100000,Bogota,136.169.95.32
608,9c72d701-aa11-482b-98fc-e91d7e6133e1,,7900000,Barranquilla,
609,5f7bc087-6b7e-4f4a-bab7-2c85f94c5a24, bgAAAAABjSEM4SqGV5OEzpaGK2rbs-U2s1KGT6dhc4uO3-7g6WkKxvZGtS1aOFNri6appv-UeI925jZV9bfagcTfJfbCo7WDPGw==,7400000,Armenia,
610,decf6cfb-bdfc-4a1c-9cd3-db6fc020c8f2,,3500000,Cartagena,12.225.195.99
611,65e4023c-acee-4d74-a0c9-c6ec1d7f4c1d,,6500000,Pasto,207.102.40.104
612,7e627f33-85f1-4861-9949-3347b365e299,,1100000,Armenia,
613,5f7bc087-6b7e-4f4a-bab7-2c85f94c5a24,,2600000,Sincelejo,
614,95ce924b-351e-4420-84c0-6ee308eafca9, bgAAAAABjSEM4zGn_rSYgd8HdUlsoP69GYYhIeEQ2Qp2YrPhGxn7YtEm55ZRwnaWKCA1EFFa05ExrMFQDwbS9kVvGjU7fmEyogA==,1100000,Bogota,112.22.58.171
615,ce7ed389-6c5d-4d22-a135-db4d0ba3490e,,6400000,Santa Marta,153.131.183.15
616,3edd5e60-ada8-4ee6-af6e-841d2a3c4ec6,,3500000,Cartagena,140.164.78.171
617,89214074-36d9-43f4-a694-ee8f97751f66,,9600000,Valledupar,31.127.186.150
618,5f7bc087-6b7e-4f4a-bab7-2c85f94c5a24,,5900000,Cali,148.204.55.135
619,4980670d-6432-4d61-a180-7a77190d39a0,,9500000,Barranquilla,87.133.136.91
620,65e4023c-acee-4d74-a0c9-c6ec1d7f4c1d,,9300000,Medellin,37.138.171.223
621,65e4023c-acee-4d74-a0c9-c6ec1d7f4c1d,,9800000,Pasto,98.68.80.255
622,3edd5e60-ada8-4ee6-af6e-841d2a3c4ec6,,7000000,Medellin,
623,65e4023c-acee-4d74-a0c9-c6ec1d7f4c1d,,8600000,Cartagena,186.140.140.218
624,89214074-36d9-43f4-a694-ee8f97751f66, bgAAAAABjSEM4sugvFlckiSMUKozfAbyUyXaDTxifZN4vrWHPafBwJexxPStEu10t51GTiEnuXiQHYcEWu0WVEyFbfxSe4C9-hg==,4200000,Armenia,118.202.78.83
625,a02a6b1e-4a16-43ed-a3e4-5effc41cd418,,9900000,Valledupar,202.5.12.229
626,b7727364-663c-4065-96e1-b6e0944f7895, bgAAAAABjSEM4BC26ez-HZyo2YX5roEvIEzVOY6LEQ6zbhbla9lqIguIoKv4yfgtmd0-r5h4J7F3gbDYfkKA6enN-g8xp3m0lxg==,5500000,Bogota,198.110.142.161
627,5f7bc087-6b7e-4f4a-bab7-2c85f94c5a24,,3600000,Sincelejo,232.39.129.218
628,faccb548-eeb3-47c3-b425-b23dadcb8446,,3500000,Barranquilla,122.126.246.225
629,65e4023c-acee-4d74-a0c9-c6ec1d7f4c1d,,3500000,Santa Marta,127.82.158.72
630,3edd5e60-ada8-4ee6-af6e-841d2a3c4ec6, bgAAAAABjSEM4Lc0Ej-90SuMXZ13axl_BaY40T3w4w8ahW1uYoBjbHQ2y542BBHLQ_vOGd-b5cnohEPBD2Zm1DdwXrXr-U74n1A==,2000000,Cali,208.66.12.127
631,decf6cfb-bdfc-4a1c-9cd3-db6fc020c8f2,,6900000,Valledupar,102.100.105.153
632,ce7ed389-6c5d-4d22-a135-db4d0ba3490e, bgAAAAABjSEM4neufr0N9v0h0sr82zi9ghkLj4jcCTQErZ3ZJZ5uHBdfMDiDFgHpvTkWGMMsL8_FvvDtcZh4Zz5ltPIqDuQtKfw==,6100000,Armenia,97.222.244.39
633,ffe437ab-8bc2-4c2f-939f-f6d47706fdb1,,3800000,Pasto,236.109.183.27
634,7e627f33-85f1-4861-9949-3347b365e299,,7500000,Cartagena,56.27.2.214
635,95ce924b-351e-4420-84c0-6ee308eafca9,,8700000,Santa Marta,
636,5f7bc087-6b7e-4f4a-bab7-2c85f94c5a24,,7100000,Barranquilla,
637,5f7bc087-6b7e-4f4a-bab7-2c85f94c5a24,,500000,Bogota,167.25.255.127
638,4980670d-6432-4d61-a180-7a77190d39a0,,5600000,Cali,111.114.185.139
639,9c72d701-aa11-482b-98fc-e91d7e6133e1, bgAAAAABjSEM4wX9Ze2CH5cH_f9eKupGQ-17pokqgipKxQ3__i2cI2xw9RCNj-o7jdLFmSagQAPQ9vi5SNAUSIBZJ1-aYmFuJgw==,8600000,Medellin,176.214.135.84
640,ffe437ab-8bc2-4c2f-939f-f6d47706fdb1,,600000,Sincelejo,59.137.168.194
641,b7727364-663c-4065-96e1-b6e0944f7895, bgAAAAABjSEM4BC26ez-HZyo2YX5roEvIEzVOY6LEQ6zbhbla9lqIguIoKv4yfgtmd0-r5h4J7F3gbDYfkKA6enN-g8xp3m0lxg==,6700000,Cali,
642,7e627f33-85f1-4861-9949-3347b365e299,,4000000,Barranquilla,97.35.211.158
643,5f7bc087-6b7e-4f4a-bab7-2c85f94c5a24,,6800000,Medellin,163.253.224.204
644,ffe437ab-8bc2-4c2f-939f-f6d47706fdb1, bgAAAAABjSEM4xL9hrEC1FNx2nyWs6DPhCltpszfgl1AudzUblC4vF5LLxnoZqNCja8ton6lGqd4v0MpSLDPacRExtk0YoS7mAA==,1800000,Valledupar,15.241.107.251
645,65e4023c-acee-4d74-a0c9-c6ec1d7f4c1d,,9500000,Pasto,
646,3edd5e60-ada8-4ee6-af6e-841d2a3c4ec6,,5600000,Sincelejo,126.10.198.130
647,4980670d-6432-4d61-a180-7a77190d39a0,,7900000,Cartagena,72.167.206.184
648,faccb548-eeb3-47c3-b425-b23dadcb8446,,2400000,Armenia,
649,9c72d701-aa11-482b-98fc-e91d7e6133e1,,9300000,Santa Marta,
650,65e4023c-acee-4d74-a0c9-c6ec1d7f4c1d,,2400000,Bogota,210.52.232.62
651,95ce924b-351e-4420-84c0-6ee308eafca9,,8300000,Sincelejo,150.209.45.62
652,5f7bc087-6b7e-4f4a-bab7-2c85f94c5a24,,7700000,Valledupar,215.144.141.231
653,3edd5e60-ada8-4ee6-af6e-841d2a3c4ec6,,8000000,Santa Marta,
654,5f7bc087-6b7e-4f4a-bab7-2c85f94c5a24, bgAAAAABjSEM4SqGV5OEzpaGK2rbs-U2s1KGT6dhc4uO3-7g6WkKxvZGtS1aOFNri6appv-UeI925jZV9bfagcTfJfbCo7WDPGw==,3900000,Cartagena,224.136.108.147
655,decf6cfb-bdfc-4a1c-9cd3-db6fc020c8f2,,5700000,Medellin,151.231.176.247
656,a02a6b1e-4a16-43ed-a3e4-5effc41cd418,,1100000,Cali,
657,ffe437ab-8bc2-4c2f-939f-f6d47706fdb1,,7900000,Armenia,
658,65e4023c-acee-4d74-a0c9-c6ec1d7f4c1d,,6900000,Barranquilla,77.184.56.159
659,ce7ed389-6c5d-4d22-a135-db4d0ba3490e,,6900000,Pasto,0.164.151.208
660,89214074-36d9-43f4-a694-ee8f97751f66, bgAAAAABjSEM4sugvFlckiSMUKozfAbyUyXaDTxifZN4vrWHPafBwJexxPStEu10t51GTiEnuXiQHYcEWu0WVEyFbfxSe4C9-hg==,2500000,Bogota,
661,ffe437ab-8bc2-4c2f-939f-f6d47706fdb1,,800000,Pasto,20.75.187.62
662,5f7bc087-6b7e-4f4a-bab7-2c85f94c5a24,,1500000,Sincelejo,211.38.246.242
663,65e4023c-acee-4d74-a0c9-c6ec1d7f4c1d,,9800000,Cali,197.219.239.198
664,3edd5e60-ada8-4ee6-af6e-841d2a3c4ec6, bgAAAAABjSEM4vGo9OPAwFJyZILCxhHWUHgyRU_4gDu426wuKQY0hOps533CS1qyYZ26W1HuYnRVgNDxoJxzuntWQJu2KZXYTwA==,8900000,Medellin,214.146.67.144
665,5f7bc087-6b7e-4f4a-bab7-2c85f94c5a24,,5800000,Bogota,126.14.142.180
666,decf6cfb-bdfc-4a1c-9cd3-db6fc020c8f2,,2300000,Santa Marta,
667,65e4023c-acee-4d74-a0c9-c6ec1d7f4c1d,,8600000,Armenia,
668,9c72d701-aa11-482b-98fc-e91d7e6133e1,,4500000,Barranquilla,
669,95ce924b-351e-4420-84c0-6ee308eafca9,,7400000,Valledupar,70.217.129.254
670,4980670d-6432-4d61-a180-7a77190d39a0, bgAAAAABjSEM4QAVqa-l2STIl_N-jzkzHz1srW0nQD0-hTGZ7Q6SdKLOYiNQ5pLpdHM7wSZ3nuUTpkjEeGt_wGtCC29-MCjXe3g==,5500000,Cartagena,234.6.81.114
671,89214074-36d9-43f4-a694-ee8f97751f66,,6400000,Medellin,
672,65e4023c-acee-4d74-a0c9-c6ec1d7f4c1d,,9400000,Santa Marta,11.160.158.209
673,7e627f33-85f1-4861-9949-3347b365e299,,6800000,Barranquilla,
674,faccb548-eeb3-47c3-b425-b23dadcb8446,,6200000,Armenia,150.216.139.195
675,ffe437ab-8bc2-4c2f-939f-f6d47706fdb1, bgAAAAABjSEM4xL9hrEC1FNx2nyWs6DPhCltpszfgl1AudzUblC4vF5LLxnoZqNCja8ton6lGqd4v0MpSLDPacRExtk0YoS7mAA==,8100000,Sincelejo,
676,a02a6b1e-4a16-43ed-a3e4-5effc41cd418, bgAAAAABjSEM4KiKCqj8nGBPImq78cGvTVSj1bF6l77B1C4aXw25fvPI3PdGNTYyge8ZKstbLoYXQ5lzDZ_P9_UCE1ptNfKW3fg==,5000000,Bogota,57.101.21.168
677,3edd5e60-ada8-4ee6-af6e-841d2a3c4ec6,,7800000,Cali,129.61.120.146
678,b7727364-663c-4065-96e1-b6e0944f7895,,5500000,Valledupar,231.195.111.4
679,5f7bc087-6b7e-4f4a-bab7-2c85f94c5a24,,2000000,Cartagena,71.166.226.247
680,ce7ed389-6c5d-4d22-a135-db4d0ba3490e,,6200000,Pasto,173.75.62.115
681,ffe437ab-8bc2-4c2f-939f-f6d47706fdb1,,1900000,Bogota,229.70.189.200
682,5f7bc087-6b7e-4f4a-bab7-2c85f94c5a24,,4400000,Santa Marta,189.40.86.139
683,3edd5e60-ada8-4ee6-af6e-841d2a3c4ec6, bgAAAAABjSEM4vGo9OPAwFJyZILCxhHWUHgyRU_4gDu426wuKQY0hOps533CS1qyYZ26W1HuYnRVgNDxoJxzuntWQJu2KZXYTwA==,2800000,Barranquilla,53.128.173.63
684,4980670d-6432-4d61-a180-7a77190d39a0,,4200000,Pasto,191.31.135.85
685,a02a6b1e-4a16-43ed-a3e4-5effc41cd418,,2600000,Cartagena,50.248.203.83
686,65e4023c-acee-4d74-a0c9-c6ec1d7f4c1d, bgAAAAABjSEM46yWKsSm7o9l8SnjWMsEVfEYiNLWt9us9KI6F_pl2qGzPIiPHDQZdnn7tIwjO1gCzrguBfE0iBhL6fIzoiMpxTg==,9700000,Sincelejo,178.39.247.132
687,89214074-36d9-43f4-a694-ee8f97751f66,,1700000,Valledupar,158.86.212.122
688,95ce924b-351e-4420-84c0-6ee308eafca9,,3300000,Cali,
689,b7727364-663c-4065-96e1-b6e0944f7895,,3500000,Medellin,1.174.68.163
690,65e4023c-acee-4d74-a0c9-c6ec1d7f4c1d,,1500000,Armenia,203.116.246.49
691,3edd5e60-ada8-4ee6-af6e-841d2a3c4ec6,,7100000,Medellin,184.221.48.217
692,65e4023c-acee-4d74-a0c9-c6ec1d7f4c1d,,9900000,Cali,5.123.146.8
693,faccb548-eeb3-47c3-b425-b23dadcb8446,,1100000,Sincelejo,250.249.176.233
694,9c72d701-aa11-482b-98fc-e91d7e6133e1,,3900000,Bogota,219.102.226.139
695,decf6cfb-bdfc-4a1c-9cd3-db6fc020c8f2,,8500000,Santa Marta,
696,7e627f33-85f1-4861-9949-3347b365e299, bgAAAAABjSEM4AYNkSTDVPm9dMYKn53ZFRuT44ALaUxwsjEde312Hrx0IIhTDNBHZFI9joim0N9T9J6X3w0J03aspJCesR51uAg==,8100000,Valledupar,
697,5f7bc087-6b7e-4f4a-bab7-2c85f94c5a24,,6800000,Pasto,31.213.182.30
698,5f7bc087-6b7e-4f4a-bab7-2c85f94c5a24,,700000,Cartagena,
699,ffe437ab-8bc2-4c2f-939f-f6d47706fdb1, bgAAAAABjSEM40L6ReGSYI-PwaNPcUh-xqpI0hoVS2f2BHZ-wtEF8WkcUgK9YbVX8aks-mqxLQ_Ja293NZSYN69wD0dvIKZXC1Q==,2700000,Armenia,44.244.59.112
700,ce7ed389-6c5d-4d22-a135-db4d0ba3490e,,7200000,Barranquilla,126.129.73.166
701,decf6cfb-bdfc-4a1c-9cd3-db6fc020c8f2,,9200000,Medellin,65.221.228.123
702,ce7ed389-6c5d-4d22-a135-db4d0ba3490e, bgAAAAABjSEM4neufr0N9v0h0sr82zi9ghkLj4jcCTQErZ3ZJZ5uHBdfMDiDFgHpvTkWGMMsL8_FvvDtcZh4Zz5ltPIqDuQtKfw==,2500000,Cartagena,188.121.3.52
703,a02a6b1e-4a16-43ed-a3e4-5effc41cd418,,300000,Sincelejo,187.219.50.201
704,7e627f33-85f1-4861-9949-3347b365e299,,1900000,Pasto,250.39.131.33
705,65e4023c-acee-4d74-a0c9-c6ec1d7f4c1d,,7700000,Cali,148.106.46.131
706,3edd5e60-ada8-4ee6-af6e-841d2a3c4ec6,,5400000,Santa Marta,118.154.46.79
707,5f7bc087-6b7e-4f4a-bab7-2c85f94c5a24,,4000000,Bogota,238.183.172.31
708,ffe437ab-8bc2-4c2f-939f-f6d47706fdb1,,2700000,Armenia,29.50.186.216
709,5f7bc087-6b7e-4f4a-bab7-2c85f94c5a24,,7600000,Barranquilla,25.139.84.73
710,89214074-36d9-43f4-a694-ee8f97751f66,,7800000,Valledupar,99.56.207.46
711,3edd5e60-ada8-4ee6-af6e-841d2a3c4ec6, bgAAAAABjSEM4Lc0Ej-90SuMXZ13axl_BaY40T3w4w8ahW1uYoBjbHQ2y542BBHLQ_vOGd-b5cnohEPBD2Zm1DdwXrXr-U74n1A==,900000,Santa Marta,101.27.129.66
712,4980670d-6432-4d61-a180-7a77190d39a0,,7800000,Cali,21.199.22.255
713,5f7bc087-6b7e-4f4a-bab7-2c85f94c5a24, bgAAAAABjSEM4jCfDL9lS53pfCgXnJ-nxtL2xYJhABfR3ZRPzcbKGKtngkfszZhDl-594scb20TXuJSpvvBGW-vORT2nxcxDtQg==,8100000,Sincelejo,
714,b7727364-663c-4065-96e1-b6e0944f7895,,7700000,Bogota,
715,95ce924b-351e-4420-84c0-6ee308eafca9, bgAAAAABjSEM4zGn_rSYgd8HdUlsoP69GYYhIeEQ2Qp2YrPhGxn7YtEm55ZRwnaWKCA1EFFa05ExrMFQDwbS9kVvGjU7fmEyogA==,3600000,Cartagena,
716,65e4023c-acee-4d74-a0c9-c6ec1d7f4c1d,,9300000,Pasto,
717,65e4023c-acee-4d74-a0c9-c6ec1d7f4c1d,,4800000,Barranquilla,100.132.239.98
718,faccb548-eeb3-47c3-b425-b23dadcb8446,,6300000,Armenia,217.178.149.76
719,9c72d701-aa11-482b-98fc-e91d7e6133e1,,9900000,Valledupar,66.23.69.212
720,ffe437ab-8bc2-4c2f-939f-f6d47706fdb1,,7000000,Medellin,198.18.144.237
721,4980670d-6432-4d61-a180-7a77190d39a0,,6700000,Sincelejo,
722,65e4023c-acee-4d74-a0c9-c6ec1d7f4c1d,,5200000,Armenia,
723,ffe437ab-8bc2-4c2f-939f-f6d47706fdb1,,8900000,Pasto,80.34.166.20
724,3edd5e60-ada8-4ee6-af6e-841d2a3c4ec6, bgAAAAABjSEM4Lc0Ej-90SuMXZ13axl_BaY40T3w4w8ahW1uYoBjbHQ2y542BBHLQ_vOGd-b5cnohEPBD2Zm1DdwXrXr-U74n1A==,7400000,Santa Marta,137.10.91.138
725,5f7bc087-6b7e-4f4a-bab7-2c85f94c5a24,,6600000,Cartagena,251.234.57.119
726,65e4023c-acee-4d74-a0c9-c6ec1d7f4c1d, bgAAAAABjSEM46yWKsSm7o9l8SnjWMsEVfEYiNLWt9us9KI6F_pl2qGzPIiPHDQZdnn7tIwjO1gCzrguBfE0iBhL6fIzoiMpxTg==,3400000,Barranquilla,
727,5f7bc087-6b7e-4f4a-bab7-2c85f94c5a24,,5200000,Medellin,113.104.81.47
728,89214074-36d9-43f4-a694-ee8f97751f66,,700000,Cali,138.84.13.167
729,b7727364-663c-4065-96e1-b6e0944f7895,,1500000,Bogota,138.31.127.180
730,65e4023c-acee-4d74-a0c9-c6ec1d7f4c1d,,9800000,Valledupar,74.124.116.65
731,95ce924b-351e-4420-84c0-6ee308eafca9, bgAAAAABjSEM4zGn_rSYgd8HdUlsoP69GYYhIeEQ2Qp2YrPhGxn7YtEm55ZRwnaWKCA1EFFa05ExrMFQDwbS9kVvGjU7fmEyogA==,3700000,Pasto,5.172.251.200
732,5f7bc087-6b7e-4f4a-bab7-2c85f94c5a24,,4300000,Armenia,179.104.248.46
733,decf6cfb-bdfc-4a1c-9cd3-db6fc020c8f2,,3700000,Medellin,244.65.184.60
734,3edd5e60-ada8-4ee6-af6e-841d2a3c4ec6,,3500000,Valledupar,
735,9c72d701-aa11-482b-98fc-e91d7e6133e1,,8200000,Bogota,206.75.140.168
736,7e627f33-85f1-4861-9949-3347b365e299,,2700000,Cali,
737,a02a6b1e-4a16-43ed-a3e4-5effc41cd418,,10000000,Barranquilla,12.110.255.186
738,ce7ed389-6c5d-4d22-a135-db4d0ba3490e, bgAAAAABjSEM4neufr0N9v0h0sr82zi9ghkLj4jcCTQErZ3ZJZ5uHBdfMDiDFgHpvTkWGMMsL8_FvvDtcZh4Zz5ltPIqDuQtKfw==,7200000,Cartagena,
739,ffe437ab-8bc2-4c2f-939f-f6d47706fdb1, bgAAAAABjSEM4xL9hrEC1FNx2nyWs6DPhCltpszfgl1AudzUblC4vF5LLxnoZqNCja8ton6lGqd4v0MpSLDPacRExtk0YoS7mAA==,6400000,Santa Marta,9.220.211.202
740,faccb548-eeb3-47c3-b425-b23dadcb8446,,7500000,Sincelejo,33.201.243.97
741,5f7bc087-6b7e-4f4a-bab7-2c85f94c5a24, bgAAAAABjSEM4SqGV5OEzpaGK2rbs-U2s1KGT6dhc4uO3-7g6WkKxvZGtS1aOFNri6appv-UeI925jZV9bfagcTfJfbCo7WDPGw==,8300000,Santa Marta,226.138.47.206
742,7e627f33-85f1-4861-9949-3347b365e299,,1900000,Valledupar,163.139.244.195
743,9c72d701-aa11-482b-98fc-e91d7e6133e1, bgAAAAABjSEM4wX9Ze2CH5cH_f9eKupGQ-17pokqgipKxQ3__i2cI2xw9RCNj-o7jdLFmSagQAPQ9vi5SNAUSIBZJ1-aYmFuJgw==,2900000,Sincelejo,188.195.112.73
744,ffe437ab-8bc2-4c2f-939f-f6d47706fdb1,,8800000,Cartagena,243.157.60.224
745,3edd5e60-ada8-4ee6-af6e-841d2a3c4ec6,,2600000,Barranquilla,
746,3edd5e60-ada8-4ee6-af6e-841d2a3c4ec6,,8900000,Bogota,
747,5f7bc087-6b7e-4f4a-bab7-2c85f94c5a24,,1600000,Cali,244.233.38.206
748,65e4023c-acee-4d74-a0c9-c6ec1d7f4c1d,,200000,Pasto,
749,ffe437ab-8bc2-4c2f-939f-f6d47706fdb1,,5800000,Medellin,
750,65e4023c-acee-4d74-a0c9-c6ec1d7f4c1d,,5400000,Armenia,221.181.165.214
751,65e4023c-acee-4d74-a0c9-c6ec1d7f4c1d,,3500000,Barranquilla,136.4.186.202
752,faccb548-eeb3-47c3-b425-b23dadcb8446,,3200000,Cali,204.143.116.116
753,decf6cfb-bdfc-4a1c-9cd3-db6fc020c8f2, bgAAAAABjSEM4Ira1ED-Zg8QI_dboS30cMyf_2eLz0QuI2SJQmhcymJ9Cxsek3gkllAQTzTALL73dIpV9uyb6ouMlydcKFSug0Q==,500000,Pasto,19.32.232.45
754,89214074-36d9-43f4-a694-ee8f97751f66,,7000000,Medellin,58.239.248.160
755,b7727364-663c-4065-96e1-b6e0944f7895,,6700000,Valledupar,84.31.106.2
756,a02a6b1e-4a16-43ed-a3e4-5effc41cd418, bgAAAAABjSEM4KiKCqj8nGBPImq78cGvTVSj1bF6l77B1C4aXw25fvPI3PdGNTYyge8ZKstbLoYXQ5lzDZ_P9_UCE1ptNfKW3fg==,1000000,Bogota,
757,5f7bc087-6b7e-4f4a-bab7-2c85f94c5a24,,3900000,Sincelejo,
758,95ce924b-351e-4420-84c0-6ee308eafca9, bgAAAAABjSEM4zGn_rSYgd8HdUlsoP69GYYhIeEQ2Qp2YrPhGxn7YtEm55ZRwnaWKCA1EFFa05ExrMFQDwbS9kVvGjU7fmEyogA==,8000000,Cartagena,165.156.21.20
759,4980670d-6432-4d61-a180-7a77190d39a0,,200000,Armenia,88.54.181.226
760,ce7ed389-6c5d-4d22-a135-db4d0ba3490e,,2100000,Santa Marta,26.115.62.78
761,ffe437ab-8bc2-4c2f-939f-f6d47706fdb1,,6800000,Pasto,125.193.43.188
762,5f7bc087-6b7e-4f4a-bab7-2c85f94c5a24,,1300000,Armenia,23.164.35.39
763,b7727364-663c-4065-96e1-b6e0944f7895,,5800000,Cartagena,
764,7e627f33-85f1-4861-9949-3347b365e299, bgAAAAABjSEM4AYNkSTDVPm9dMYKn53ZFRuT44ALaUxwsjEde312Hrx0IIhTDNBHZFI9joim0N9T9J6X3w0J03aspJCesR51uAg==,6300000,Valledupar,
765,ffe437ab-8bc2-4c2f-939f-f6d47706fdb1,,4500000,Bogota,149.210.198.203
766,65e4023c-acee-4d74-a0c9-c6ec1d7f4c1d,,8700000,Santa Marta,71.122.205.57
767,a02a6b1e-4a16-43ed-a3e4-5effc41cd418, bgAAAAABjSEM4KiKCqj8nGBPImq78cGvTVSj1bF6l77B1C4aXw25fvPI3PdGNTYyge8ZKstbLoYXQ5lzDZ_P9_UCE1ptNfKW3fg==,1900000,Barranquilla,189.134.46.241
768,5f7bc087-6b7e-4f4a-bab7-2c85f94c5a24,,500000,Medellin,137.136.128.78
769,89214074-36d9-43f4-a694-ee8f97751f66,,400000,Sincelejo,
770,decf6cfb-bdfc-4a1c-9cd3-db6fc020c8f2, bgAAAAABjSEM4Ira1ED-Zg8QI_dboS30cMyf_2eLz0QuI2SJQmhcymJ9Cxsek3gkllAQTzTALL73dIpV9uyb6ouMlydcKFSug0Q==,1800000,Cali,
771,95ce924b-351e-4420-84c0-6ee308eafca9,,7800000,Barranquilla,
772,3edd5e60-ada8-4ee6-af6e-841d2a3c4ec6, bgAAAAABjSEM4Lc0Ej-90SuMXZ13axl_BaY40T3w4w8ahW1uYoBjbHQ2y542BBHLQ_vOGd-b5cnohEPBD2Zm1DdwXrXr-U74n1A==,1500000,Bogota,30.33.252.127
773,5f7bc087-6b7e-4f4a-bab7-2c85f94c5a24, bgAAAAABjSEM4jCfDL9lS53pfCgXnJ-nxtL2xYJhABfR3ZRPzcbKGKtngkfszZhDl-594scb20TXuJSpvvBGW-vORT2nxcxDtQg==,6800000,Armenia,198.189.169.154
774,ce7ed389-6c5d-4d22-a135-db4d0ba3490e,,9400000,Pasto,47.132.159.0
775,3edd5e60-ada8-4ee6-af6e-841d2a3c4ec6, bgAAAAABjSEM4vGo9OPAwFJyZILCxhHWUHgyRU_4gDu426wuKQY0hOps533CS1qyYZ26W1HuYnRVgNDxoJxzuntWQJu2KZXYTwA==,7600000,Cartagena,
776,4980670d-6432-4d61-a180-7a77190d39a0, bgAAAAABjSEM4QAVqa-l2STIl_N-jzkzHz1srW0nQD0-hTGZ7Q6SdKLOYiNQ5pLpdHM7wSZ3nuUTpkjEeGt_wGtCC29-MCjXe3g==,4000000,Valledupar,66.127.210.36
777,9c72d701-aa11-482b-98fc-e91d7e6133e1,,8300000,Cali,
778,65e4023c-acee-4d74-a0c9-c6ec1d7f4c1d,,7200000,Sincelejo,245.114.166.91
779,65e4023c-acee-4d74-a0c9-c6ec1d7f4c1d,,7700000,Santa Marta,32.130.103.229
780,faccb548-eeb3-47c3-b425-b23dadcb8446,,4500000,Medellin,227.204.71.92
781,3edd5e60-ada8-4ee6-af6e-841d2a3c4ec6,,6100000,Cartagena,65.15.206.214
782,5f7bc087-6b7e-4f4a-bab7-2c85f94c5a24,,1300000,Sincelejo,187.205.206.110
783,5f7bc087-6b7e-4f4a-bab7-2c85f94c5a24,,6200000,Valledupar,
784,decf6cfb-bdfc-4a1c-9cd3-db6fc020c8f2,,600000,Barranquilla,189.79.3.128
785,7e627f33-85f1-4861-9949-3347b365e299,,6000000,Medellin,189.125.248.234
786,ce7ed389-6c5d-4d22-a135-db4d0ba3490e,,3500000,Cali,88.56.95.31
787,5f7bc087-6b7e-4f4a-bab7-2c85f94c5a24,,9100000,Bogota,36.58.36.39
788,65e4023c-acee-4d74-a0c9-c6ec1d7f4c1d, bgAAAAABjSEM46yWKsSm7o9l8SnjWMsEVfEYiNLWt9us9KI6F_pl2qGzPIiPHDQZdnn7tIwjO1gCzrguBfE0iBhL6fIzoiMpxTg==,6100000,Santa Marta,59.27.100.202
789,65e4023c-acee-4d74-a0c9-c6ec1d7f4c1d, bgAAAAABjSEM41U6ROqfgxHdZOkzKmmQSY0fr6zvJzjepofHyG6kFwgE1dcxmK6J95cnuPh_A7DN12LFLjg1mhYe-Ft22hVJ_Zw==,10000000,Pasto,221.38.96.85
790,95ce924b-351e-4420-84c0-6ee308eafca9,,7200000,Armenia,151.216.20.13
791,89214074-36d9-43f4-a694-ee8f97751f66,,4800000,Santa Marta,
792,65e4023c-acee-4d74-a0c9-c6ec1d7f4c1d, bgAAAAABjSEM4AoQY7WCPLdEfkBCDXQIlAzo6c1Py8Dw--GYm0QmJNMB3i0HOQORqagxgCLKkJwP4b1JuXTSwqQbDhhBCvxV7mQ==,5600000,Cali,239.176.0.221
793,4980670d-6432-4d61-a180-7a77190d39a0,,8500000,Armenia,137.158.187.142
794,a02a6b1e-4a16-43ed-a3e4-5effc41cd418,,9600000,Sincelejo,21.28.155.132
795,3edd5e60-ada8-4ee6-af6e-841d2a3c4ec6,,8700000,Medellin,143.205.93.31
796,b7727364-663c-4065-96e1-b6e0944f7895,,2700000,Cartagena,76.42.79.255
797,9c72d701-aa11-482b-98fc-e91d7e6133e1,,7500000,Barranquilla,
798,faccb548-eeb3-47c3-b425-b23dadcb8446,,5200000,Valledupar,159.200.204.189
799,ffe437ab-8bc2-4c2f-939f-f6d47706fdb1,,3900000,Bogota,61.116.69.90
800,ffe437ab-8bc2-4c2f-939f-f6d47706fdb1,,2400000,Pasto,21.195.226.249
801,a02a6b1e-4a16-43ed-a3e4-5effc41cd418,,1400000,Cartagena,142.42.106.220
802,65e4023c-acee-4d74-a0c9-c6ec1d7f4c1d,,9400000,Barranquilla,
803,5f7bc087-6b7e-4f4a-bab7-2c85f94c5a24,,10000000,Bogota,182.23.89.161
804,3edd5e60-ada8-4ee6-af6e-841d2a3c4ec6,,9300000,Valledupar,158.195.84.60
805,9c72d701-aa11-482b-98fc-e91d7e6133e1,,100000,Pasto,122.95.31.162
806,3edd5e60-ada8-4ee6-af6e-841d2a3c4ec6,,5500000,Armenia,
807,b7727364-663c-4065-96e1-b6e0944f7895, bgAAAAABjSEM4BC26ez-HZyo2YX5roEvIEzVOY6LEQ6zbhbla9lqIguIoKv4yfgtmd0-r5h4J7F3gbDYfkKA6enN-g8xp3m0lxg==,8900000,Medellin,174.205.89.32
808,65e4023c-acee-4d74-a0c9-c6ec1d7f4c1d,,5800000,Sincelejo,
809,ffe437ab-8bc2-4c2f-939f-f6d47706fdb1,,3700000,Santa Marta,
810,ffe437ab-8bc2-4c2f-939f-f6d47706fdb1, bgAAAAABjSEM40L6ReGSYI-PwaNPcUh-xqpI0hoVS2f2BHZ-wtEF8WkcUgK9YbVX8aks-mqxLQ_Ja293NZSYN69wD0dvIKZXC1Q==,5200000,Cali,147.156.129.39
811,7e627f33-85f1-4861-9949-3347b365e299,,9800000,Barranquilla,164.196.36.223
812,89214074-36d9-43f4-a694-ee8f97751f66,,8800000,Sincelejo,
813,5f7bc087-6b7e-4f4a-bab7-2c85f94c5a24,,3600000,Bogota,253.233.34.18
814,5f7bc087-6b7e-4f4a-bab7-2c85f94c5a24,,2000000,Valledupar,66.48.172.109
815,95ce924b-351e-4420-84c0-6ee308eafca9,,9100000,Cali,71.231.128.192
816,65e4023c-acee-4d74-a0c9-c6ec1d7f4c1d,,700000,Pasto,185.212.162.245
817,decf6cfb-bdfc-4a1c-9cd3-db6fc020c8f2,,7500000,Armenia,
818,ce7ed389-6c5d-4d22-a135-db4d0ba3490e,,5900000,Santa Marta,218.134.241.36
819,4980670d-6432-4d61-a180-7a77190d39a0, bgAAAAABjSEM4QAVqa-l2STIl_N-jzkzHz1srW0nQD0-hTGZ7Q6SdKLOYiNQ5pLpdHM7wSZ3nuUTpkjEeGt_wGtCC29-MCjXe3g==,1400000,Medellin,
820,faccb548-eeb3-47c3-b425-b23dadcb8446, bgAAAAABjSEM4YEncpDZuuXrxB2vkCa6mSUSyHu67f20aTAobu1iZo00-Tg_QpVvLmJgQTUkmgHlN4ip3vyzVijL2RUQR2sFGWw==,7600000,Cartagena,
821,7e627f33-85f1-4861-9949-3347b365e299,,3700000,Valledupar,125.249.121.154
822,faccb548-eeb3-47c3-b425-b23dadcb8446,,6600000,Armenia,
823,65e4023c-acee-4d74-a0c9-c6ec1d7f4c1d,,9500000,Santa Marta,11.56.93.44
824,ce7ed389-6c5d-4d22-a135-db4d0ba3490e, bgAAAAABjSEM4neufr0N9v0h0sr82zi9ghkLj4jcCTQErZ3ZJZ5uHBdfMDiDFgHpvTkWGMMsL8_FvvDtcZh4Zz5ltPIqDuQtKfw==,1500000,Cali,1.13.185.208
825,3edd5e60-ada8-4ee6-af6e-841d2a3c4ec6, bgAAAAABjSEM4Lc0Ej-90SuMXZ13axl_BaY40T3w4w8ahW1uYoBjbHQ2y542BBHLQ_vOGd-b5cnohEPBD2Zm1DdwXrXr-U74n1A==,300000,Barranquilla,10.121.152.92
826,95ce924b-351e-4420-84c0-6ee308eafca9,,4200000,Bogota,209.240.99.249
827,5f7bc087-6b7e-4f4a-bab7-2c85f94c5a24,,9600000,Pasto,146.85.175.68
828,decf6cfb-bdfc-4a1c-9cd3-db6fc020c8f2,,4800000,Cartagena,235.248.35.215
829,5f7bc087-6b7e-4f4a-bab7-2c85f94c5a24,,1200000,Medellin,1.206.149.56
830,ffe437ab-8bc2-4c2f-939f-f6d47706fdb1, bgAAAAABjSEM4xL9hrEC1FNx2nyWs6DPhCltpszfgl1AudzUblC4vF5LLxnoZqNCja8ton6lGqd4v0MpSLDPacRExtk0YoS7mAA==,5100000,Sincelejo,191.244.67.4
831,b7727364-663c-4065-96e1-b6e0944f7895,,8500000,Cali,
832,ffe437ab-8bc2-4c2f-939f-f6d47706fdb1, bgAAAAABjSEM40L6ReGSYI-PwaNPcUh-xqpI0hoVS2f2BHZ-wtEF8WkcUgK9YbVX8aks-mqxLQ_Ja293NZSYN69wD0dvIKZXC1Q==,2800000,Pasto,37.55.196.75
833,65e4023c-acee-4d74-a0c9-c6ec1d7f4c1d, bgAAAAABjSEM41U6ROqfgxHdZOkzKmmQSY0fr6zvJzjepofHyG6kFwgE1dcxmK6J95cnuPh_A7DN12LFLjg1mhYe-Ft22hVJ_Zw==,600000,Barranquilla,196.226.87.222
834,4980670d-6432-4d61-a180-7a77190d39a0,,5500000,Bogota,144.201.192.163
835,5f7bc087-6b7e-4f4a-bab7-2c85f94c5a24,,3400000,Valledupar,4.217.47.124
836,89214074-36d9-43f4-a694-ee8f97751f66,,1600000,Santa Marta,
837,3edd5e60-ada8-4ee6-af6e-841d2a3c4ec6,,2300000,Medellin,70.70.216.109
838,65e4023c-acee-4d74-a0c9-c6ec1d7f4c1d, bgAAAAABjSEM46yWKsSm7o9l8SnjWMsEVfEYiNLWt9us9KI6F_pl2qGzPIiPHDQZdnn7tIwjO1gCzrguBfE0iBhL6fIzoiMpxTg==,600000,Cartagena,
839,9c72d701-aa11-482b-98fc-e91d7e6133e1,,8400000,Armenia,
840,a02a6b1e-4a16-43ed-a3e4-5effc41cd418,,3900000,Sincelejo,170.205.36.167
841,7e627f33-85f1-4861-9949-3347b365e299,,2200000,Medellin,58.1.247.248
842,3edd5e60-ada8-4ee6-af6e-841d2a3c4ec6,,2900000,Barranquilla,61.105.27.33
843,b7727364-663c-4065-96e1-b6e0944f7895,,6300000,Santa Marta,
844,5f7bc087-6b7e-4f4a-bab7-2c85f94c5a24,,1400000,Pasto,157.233.123.231
845,9c72d701-aa11-482b-98fc-e91d7e6133e1,,2900000,Sincelejo,
846,3edd5e60-ada8-4ee6-af6e-841d2a3c4ec6,,3400000,Bogota,161.140.242.7
847,65e4023c-acee-4d74-a0c9-c6ec1d7f4c1d,,3600000,Cali,
848,a02a6b1e-4a16-43ed-a3e4-5effc41cd418, bgAAAAABjSEM4KiKCqj8nGBPImq78cGvTVSj1bF6l77B1C4aXw25fvPI3PdGNTYyge8ZKstbLoYXQ5lzDZ_P9_UCE1ptNfKW3fg==,7300000,Valledupar,29.62.150.154
849,decf6cfb-bdfc-4a1c-9cd3-db6fc020c8f2,,2400000,Armenia,
850,4980670d-6432-4d61-a180-7a77190d39a0,,6300000,Cartagena,248.215.240.92
851,89214074-36d9-43f4-a694-ee8f97751f66,,4900000,Armenia,76.53.127.36
852,ffe437ab-8bc2-4c2f-939f-f6d47706fdb1,,400000,Sincelejo,185.244.16.6
853,65e4023c-acee-4d74-a0c9-c6ec1d7f4c1d, bgAAAAABjSEM46yWKsSm7o9l8SnjWMsEVfEYiNLWt9us9KI6F_pl2qGzPIiPHDQZdnn7tIwjO1gCzrguBfE0iBhL6fIzoiMpxTg==,5100000,Cali,51.240.120.232
854,5f7bc087-6b7e-4f4a-bab7-2c85f94c5a24,,1800000,Barranquilla,225.64.140.147
855,95ce924b-351e-4420-84c0-6ee308eafca9,,500000,Medellin,233.86.238.207
856,65e4023c-acee-4d74-a0c9-c6ec1d7f4c1d,,3700000,Valledupar,22.79.236.219
857,faccb548-eeb3-47c3-b425-b23dadcb8446,,6800000,Pasto,254.6.220.56
858,ffe437ab-8bc2-4c2f-939f-f6d47706fdb1,,8100000,Bogota,138.121.160.253
859,ce7ed389-6c5d-4d22-a135-db4d0ba3490e, bgAAAAABjSEM4neufr0N9v0h0sr82zi9ghkLj4jcCTQErZ3ZJZ5uHBdfMDiDFgHpvTkWGMMsL8_FvvDtcZh4Zz5ltPIqDuQtKfw==,7200000,Santa Marta,212.254.221.10
860,5f7bc087-6b7e-4f4a-bab7-2c85f94c5a24, bgAAAAABjSEM45n3M2ln4-y0whf0I8ZG9wGRwrzv86h4XDNqZ9CuosLxs0QJ5fS0mzEJGjF578ogugs0Pb082_x4VStz-9ML4Mw==,7600000,Cartagena,
861,89214074-36d9-43f4-a694-ee8f97751f66,,6100000,Bogota,211.26.104.47
862,7e627f33-85f1-4861-9949-3347b365e299,,8500000,Cali,161.195.232.188
863,5f7bc087-6b7e-4f4a-bab7-2c85f94c5a24,,2800000,Valledupar,143.239.99.166
864,3edd5e60-ada8-4ee6-af6e-841d2a3c4ec6,,9100000,Santa Marta,
865,65e4023c-acee-4d74-a0c9-c6ec1d7f4c1d,,8600000,Pasto,53.52.20.192
866,65e4023c-acee-4d74-a0c9-c6ec1d7f4c1d,,700000,Sincelejo,
867,4980670d-6432-4d61-a180-7a77190d39a0,,3800000,Armenia,47.113.159.108
868,decf6cfb-bdfc-4a1c-9cd3-db6fc020c8f2,,3400000,Cartagena,
869,65e4023c-acee-4d74-a0c9-c6ec1d7f4c1d, bgAAAAABjSEM46yWKsSm7o9l8SnjWMsEVfEYiNLWt9us9KI6F_pl2qGzPIiPHDQZdnn7tIwjO1gCzrguBfE0iBhL6fIzoiMpxTg==,9900000,Medellin,
870,95ce924b-351e-4420-84c0-6ee308eafca9, bgAAAAABjSEM4zGn_rSYgd8HdUlsoP69GYYhIeEQ2Qp2YrPhGxn7YtEm55ZRwnaWKCA1EFFa05ExrMFQDwbS9kVvGjU7fmEyogA==,7500000,Barranquilla,
871,ce7ed389-6c5d-4d22-a135-db4d0ba3490e,,5700000,Medellin,185.162.200.115
872,ffe437ab-8bc2-4c2f-939f-f6d47706fdb1,,5300000,Santa Marta,
873,5f7bc087-6b7e-4f4a-bab7-2c85f94c5a24,,5000000,Valledupar,109.102.250.139
874,faccb548-eeb3-47c3-b425-b23dadcb8446,,3400000,Armenia,67.131.56.154
875,ffe437ab-8bc2-4c2f-939f-f6d47706fdb1,,4900000,Pasto,143.153.99.161
876,a02a6b1e-4a16-43ed-a3e4-5effc41cd418,,8100000,Cali,157.191.89.60
877,5f7bc087-6b7e-4f4a-bab7-2c85f94c5a24, bgAAAAABjSEM45n3M2ln4-y0whf0I8ZG9wGRwrzv86h4XDNqZ9CuosLxs0QJ5fS0mzEJGjF578ogugs0Pb082_x4VStz-9ML4Mw==,2800000,Sincelejo,
878,3edd5e60-ada8-4ee6-af6e-841d2a3c4ec6,,4100000,Bogota,126.99.44.185
879,b7727364-663c-4065-96e1-b6e0944f7895,,3200000,Cartagena,162.98.127.89
880,9c72d701-aa11-482b-98fc-e91d7e6133e1,,300000,Barranquilla,36.202.162.62
881,ce7ed389-6c5d-4d22-a135-db4d0ba3490e,,7600000,Valledupar,18.9.14.139
882,3edd5e60-ada8-4ee6-af6e-841d2a3c4ec6, bgAAAAABjSEM4vGo9OPAwFJyZILCxhHWUHgyRU_4gDu426wuKQY0hOps533CS1qyYZ26W1HuYnRVgNDxoJxzuntWQJu2KZXYTwA==,100000,Pasto,174.22.234.163
883,65e4023c-acee-4d74-a0c9-c6ec1d7f4c1d,,6800000,Medellin,
884,a02a6b1e-4a16-43ed-a3e4-5effc41cd418,,6600000,Bogota,32.67.46.33
885,3edd5e60-ada8-4ee6-af6e-841d2a3c4ec6,,1900000,Santa Marta,55.47.157.164
886,89214074-36d9-43f4-a694-ee8f97751f66,,5700000,Sincelejo,187.28.244.96
887,5f7bc087-6b7e-4f4a-bab7-2c85f94c5a24,,4500000,Barranquilla,
888,ffe437ab-8bc2-4c2f-939f-f6d47706fdb1, bgAAAAABjSEM4xL9hrEC1FNx2nyWs6DPhCltpszfgl1AudzUblC4vF5LLxnoZqNCja8ton6lGqd4v0MpSLDPacRExtk0YoS7mAA==,4700000,Cali,197.110.183.155
889,5f7bc087-6b7e-4f4a-bab7-2c85f94c5a24, bgAAAAABjSEM4jCfDL9lS53pfCgXnJ-nxtL2xYJhABfR3ZRPzcbKGKtngkfszZhDl-594scb20TXuJSpvvBGW-vORT2nxcxDtQg==,3300000,Cartagena,170.157.228.74
890,ffe437ab-8bc2-4c2f-939f-f6d47706fdb1,,1400000,Armenia,
891,decf6cfb-bdfc-4a1c-9cd3-db6fc020c8f2, bgAAAAABjSEM4Ira1ED-Zg8QI_dboS30cMyf_2eLz0QuI2SJQmhcymJ9Cxsek3gkllAQTzTALL73dIpV9uyb6ouMlydcKFSug0Q==,8500000,Cali,22.6.228.248
892,4980670d-6432-4d61-a180-7a77190d39a0,,7000000,Pasto,220.147.137.132
893,95ce924b-351e-4420-84c0-6ee308eafca9,,9600000,Medellin,86.71.73.53
894,7e627f33-85f1-4861-9949-3347b365e299,,6300000,Cartagena,34.13.162.135
895,faccb548-eeb3-47c3-b425-b23dadcb8446, bgAAAAABjSEM4YEncpDZuuXrxB2vkCa6mSUSyHu67f20aTAobu1iZo00-Tg_QpVvLmJgQTUkmgHlN4ip3vyzVijL2RUQR2sFGWw==,1900000,Sincelejo,
896,b7727364-663c-4065-96e1-b6e0944f7895,,3200000,Bogota,36.139.58.103
897,9c72d701-aa11-482b-98fc-e91d7e6133e1,,2900000,Valledupar,183.254.222.221
898,5f7bc087-6b7e-4f4a-bab7-2c85f94c5a24,,4500000,Santa Marta,
899,65e4023c-acee-4d74-a0c9-c6ec1d7f4c1d, bgAAAAABjSEM41U6ROqfgxHdZOkzKmmQSY0fr6zvJzjepofHyG6kFwgE1dcxmK6J95cnuPh_A7DN12LFLjg1mhYe-Ft22hVJ_Zw==,2500000,Armenia,
900,65e4023c-acee-4d74-a0c9-c6ec1d7f4c1d,,6500000,Barranquilla,152.49.149.143
901,65e4023c-acee-4d74-a0c9-c6ec1d7f4c1d,,9600000,Medellin,88.200.107.252
902,faccb548-eeb3-47c3-b425-b23dadcb8446, bgAAAAABjSEM4YEncpDZuuXrxB2vkCa6mSUSyHu67f20aTAobu1iZo00-Tg_QpVvLmJgQTUkmgHlN4ip3vyzVijL2RUQR2sFGWw==,2600000,Barranquilla,
903,3edd5e60-ada8-4ee6-af6e-841d2a3c4ec6, bgAAAAABjSEM4Lc0Ej-90SuMXZ13axl_BaY40T3w4w8ahW1uYoBjbHQ2y542BBHLQ_vOGd-b5cnohEPBD2Zm1DdwXrXr-U74n1A==,4400000,Santa Marta,47.32.120.142
904,65e4023c-acee-4d74-a0c9-c6ec1d7f4c1d,,3800000,Armenia,191.89.49.159
905,5f7bc087-6b7e-4f4a-bab7-2c85f94c5a24,,8100000,Pasto,
906,decf6cfb-bdfc-4a1c-9cd3-db6fc020c8f2,,4400000,Cali,35.107.64.130
907,9c72d701-aa11-482b-98fc-e91d7e6133e1,,7100000,Valledupar,138.192.23.97
908,ce7ed389-6c5d-4d22-a135-db4d0ba3490e,,3700000,Sincelejo,157.195.2.132
909,5f7bc087-6b7e-4f4a-bab7-2c85f94c5a24,,4300000,Cartagena,20.43.23.230
910,a02a6b1e-4a16-43ed-a3e4-5effc41cd418, bgAAAAABjSEM4KiKCqj8nGBPImq78cGvTVSj1bF6l77B1C4aXw25fvPI3PdGNTYyge8ZKstbLoYXQ5lzDZ_P9_UCE1ptNfKW3fg==,6400000,Bogota,151.252.147.188
911,5f7bc087-6b7e-4f4a-bab7-2c85f94c5a24,,7500000,Medellin,221.109.26.33
912,b7727364-663c-4065-96e1-b6e0944f7895,,7200000,Valledupar,109.185.167.101
913,ffe437ab-8bc2-4c2f-939f-f6d47706fdb1, bgAAAAABjSEM4xL9hrEC1FNx2nyWs6DPhCltpszfgl1AudzUblC4vF5LLxnoZqNCja8ton6lGqd4v0MpSLDPacRExtk0YoS7mAA==,9400000,Barranquilla,211.141.198.236
914,65e4023c-acee-4d74-a0c9-c6ec1d7f4c1d,,5900000,Santa Marta,75.152.31.119
915,ffe437ab-8bc2-4c2f-939f-f6d47706fdb1, bgAAAAABjSEM40L6ReGSYI-PwaNPcUh-xqpI0hoVS2f2BHZ-wtEF8WkcUgK9YbVX8aks-mqxLQ_Ja293NZSYN69wD0dvIKZXC1Q==,2000000,Pasto,
916,3edd5e60-ada8-4ee6-af6e-841d2a3c4ec6,,5600000,Cali,186.226.12.108
917,4980670d-6432-4d61-a180-7a77190d39a0,,9500000,Sincelejo,
918,95ce924b-351e-4420-84c0-6ee308eafca9,,9600000,Armenia,
919,89214074-36d9-43f4-a694-ee8f97751f66,,2200000,Bogota,22.110.209.124
920,7e627f33-85f1-4861-9949-3347b365e299,,5600000,Cartagena,4.122.150.144
921,b7727364-663c-4065-96e1-b6e0944f7895,,100000,Cartagena,
922,decf6cfb-bdfc-4a1c-9cd3-db6fc020c8f2,,3300000,Armenia,163.152.178.233
923,65e4023c-acee-4d74-a0c9-c6ec1d7f4c1d,,6200000,Medellin,
924,faccb548-eeb3-47c3-b425-b23dadcb8446,,5900000,Bogota,30.75.140.241
925,89214074-36d9-43f4-a694-ee8f97751f66,,6100000,Santa Marta,253.98.20.147
926,3edd5e60-ada8-4ee6-af6e-841d2a3c4ec6,,5400000,Cali,120.102.208.232
927,7e627f33-85f1-4861-9949-3347b365e299,,5200000,Barranquilla,255.189.181.45
928,3edd5e60-ada8-4ee6-af6e-841d2a3c4ec6, bgAAAAABjSEM4Lc0Ej-90SuMXZ13axl_BaY40T3w4w8ahW1uYoBjbHQ2y542BBHLQ_vOGd-b5cnohEPBD2Zm1DdwXrXr-U74n1A==,5500000,Valledupar,189.217.100.28
929,5f7bc087-6b7e-4f4a-bab7-2c85f94c5a24, bgAAAAABjSEM4SqGV5OEzpaGK2rbs-U2s1KGT6dhc4uO3-7g6WkKxvZGtS1aOFNri6appv-UeI925jZV9bfagcTfJfbCo7WDPGw==,7900000,Sincelejo,182.139.91.233
930,65e4023c-acee-4d74-a0c9-c6ec1d7f4c1d,,2200000,Pasto,35.117.244.1
931,ffe437ab-8bc2-4c2f-939f-f6d47706fdb1, bgAAAAABjSEM40L6ReGSYI-PwaNPcUh-xqpI0hoVS2f2BHZ-wtEF8WkcUgK9YbVX8aks-mqxLQ_Ja293NZSYN69wD0dvIKZXC1Q==,5000000,Cartagena,159.106.183.197
932,9c72d701-aa11-482b-98fc-e91d7e6133e1, bgAAAAABjSEM4wX9Ze2CH5cH_f9eKupGQ-17pokqgipKxQ3__i2cI2xw9RCNj-o7jdLFmSagQAPQ9vi5SNAUSIBZJ1-aYmFuJgw==,1600000,Medellin,106.46.117.90
933,4980670d-6432-4d61-a180-7a77190d39a0,,1900000,Pasto,
934,5f7bc087-6b7e-4f4a-bab7-2c85f94c5a24,,9000000,Valledupar,88.86.82.78
935,ce7ed389-6c5d-4d22-a135-db4d0ba3490e,,1000000,Santa Marta,184.78.59.84
936,5f7bc087-6b7e-4f4a-bab7-2c85f94c5a24,,8100000,Bogota,209.220.28.236
937,65e4023c-acee-4d74-a0c9-c6ec1d7f4c1d,,9400000,Armenia,
938,a02a6b1e-4a16-43ed-a3e4-5effc41cd418,,7000000,Sincelejo,127.189.80.170
939,ffe437ab-8bc2-4c2f-939f-f6d47706fdb1,,5500000,Barranquilla,
940,95ce924b-351e-4420-84c0-6ee308eafca9,,3700000,Cali,
941,65e4023c-acee-4d74-a0c9-c6ec1d7f4c1d,,8700000,Pasto,118.10.175.238
942,ce7ed389-6c5d-4d22-a135-db4d0ba3490e,,500000,Armenia,79.118.152.249
943,3edd5e60-ada8-4ee6-af6e-841d2a3c4ec6,,1400000,Cartagena,220.103.245.144
944,5f7bc087-6b7e-4f4a-bab7-2c85f94c5a24, bgAAAAABjSEM4jCfDL9lS53pfCgXnJ-nxtL2xYJhABfR3ZRPzcbKGKtngkfszZhDl-594scb20TXuJSpvvBGW-vORT2nxcxDtQg==,3200000,Bogota,172.37.86.11
945,95ce924b-351e-4420-84c0-6ee308eafca9, bgAAAAABjSEM4zGn_rSYgd8HdUlsoP69GYYhIeEQ2Qp2YrPhGxn7YtEm55ZRwnaWKCA1EFFa05ExrMFQDwbS9kVvGjU7fmEyogA==,1000000,Sincelejo,
946,4980670d-6432-4d61-a180-7a77190d39a0, bgAAAAABjSEM4QAVqa-l2STIl_N-jzkzHz1srW0nQD0-hTGZ7Q6SdKLOYiNQ5pLpdHM7wSZ3nuUTpkjEeGt_wGtCC29-MCjXe3g==,8300000,Cali,83.146.204.87
947,faccb548-eeb3-47c3-b425-b23dadcb8446,,3600000,Valledupar,44.8.129.213
948,a02a6b1e-4a16-43ed-a3e4-5effc41cd418, bgAAAAABjSEM4KiKCqj8nGBPImq78cGvTVSj1bF6l77B1C4aXw25fvPI3PdGNTYyge8ZKstbLoYXQ5lzDZ_P9_UCE1ptNfKW3fg==,700000,Barranquilla,56.185.41.178
949,9c72d701-aa11-482b-98fc-e91d7e6133e1,,8200000,Santa Marta,222.188.231.107
950,ffe437ab-8bc2-4c2f-939f-f6d47706fdb1,,3700000,Medellin,102.127.204.68
951,3edd5e60-ada8-4ee6-af6e-841d2a3c4ec6,,2300000,Armenia,
952,5f7bc087-6b7e-4f4a-bab7-2c85f94c5a24,,2400000,Medellin,20.76.187.146
953,decf6cfb-bdfc-4a1c-9cd3-db6fc020c8f2,,9600000,Sincelejo,101.140.251.233
954,65e4023c-acee-4d74-a0c9-c6ec1d7f4c1d,,3000000,Valledupar,
955,65e4023c-acee-4d74-a0c9-c6ec1d7f4c1d,,9300000,Cartagena,
956,5f7bc087-6b7e-4f4a-bab7-2c85f94c5a24, bgAAAAABjSEM45n3M2ln4-y0whf0I8ZG9wGRwrzv86h4XDNqZ9CuosLxs0QJ5fS0mzEJGjF578ogugs0Pb082_x4VStz-9ML4Mw==,3300000,Pasto,77.4.178.191
957,7e627f33-85f1-4861-9949-3347b365e299, bgAAAAABjSEM4AYNkSTDVPm9dMYKn53ZFRuT44ALaUxwsjEde312Hrx0IIhTDNBHZFI9joim0N9T9J6X3w0J03aspJCesR51uAg==,9400000,Barranquilla,121.24.39.206
958,ffe437ab-8bc2-4c2f-939f-f6d47706fdb1, bgAAAAABjSEM40L6ReGSYI-PwaNPcUh-xqpI0hoVS2f2BHZ-wtEF8WkcUgK9YbVX8aks-mqxLQ_Ja293NZSYN69wD0dvIKZXC1Q==,1900000,Santa Marta,
959,89214074-36d9-43f4-a694-ee8f97751f66,,4300000,Cali,
960,b7727364-663c-4065-96e1-b6e0944f7895,,4200000,Bogota,12.25.66.234
961,decf6cfb-bdfc-4a1c-9cd3-db6fc020c8f2,,5600000,Medellin,131.208.48.106
962,a02a6b1e-4a16-43ed-a3e4-5effc41cd418,,8800000,Bogota,156.156.190.233
963,65e4023c-acee-4d74-a0c9-c6ec1d7f4c1d,,3700000,Santa Marta,115.72.227.119
964,4980670d-6432-4d61-a180-7a77190d39a0, bgAAAAABjSEM4QAVqa-l2STIl_N-jzkzHz1srW0nQD0-hTGZ7Q6SdKLOYiNQ5pLpdHM7wSZ3nuUTpkjEeGt_wGtCC29-MCjXe3g==,9800000,Barranquilla,234.73.103.247
965,5f7bc087-6b7e-4f4a-bab7-2c85f94c5a24, bgAAAAABjSEM4SqGV5OEzpaGK2rbs-U2s1KGT6dhc4uO3-7g6WkKxvZGtS1aOFNri6appv-UeI925jZV9bfagcTfJfbCo7WDPGw==,5400000,Armenia,128.235.59.145
966,3edd5e60-ada8-4ee6-af6e-841d2a3c4ec6,,3000000,Pasto,8.254.114.6
967,5f7bc087-6b7e-4f4a-bab7-2c85f94c5a24,,5700000,Valledupar,12.225.233.180
968,ffe437ab-8bc2-4c2f-939f-f6d47706fdb1,,900000,Cartagena,120.199.253.86
969,89214074-36d9-43f4-a694-ee8f97751f66,,7000000,Cali,213.68.15.247
970,faccb548-eeb3-47c3-b425-b23dadcb8446,,9900000,Sincelejo,
971,95ce924b-351e-4420-84c0-6ee308eafca9,,5900000,Armenia,84.166.178.239
972,b7727364-663c-4065-96e1-b6e0944f7895, bgAAAAABjSEM4BC26ez-HZyo2YX5roEvIEzVOY6LEQ6zbhbla9lqIguIoKv4yfgtmd0-r5h4J7F3gbDYfkKA6enN-g8xp3m0lxg==,4000000,Cartagena,216.110.88.183
973,ffe437ab-8bc2-4c2f-939f-f6d47706fdb1,,4400000,Medellin,4.89.37.226
974,3edd5e60-ada8-4ee6-af6e-841d2a3c4ec6,,3800000,Cali,149.72.46.10
975,7e627f33-85f1-4861-9949-3347b365e299,,9800000,Sincelejo,42.112.194.207
976,65e4023c-acee-4d74-a0c9-c6ec1d7f4c1d,,8600000,Valledupar,
977,ce7ed389-6c5d-4d22-a135-db4d0ba3490e,,800000,Bogota,117.91.81.252
978,5f7bc087-6b7e-4f4a-bab7-2c85f94c5a24,,7000000,Pasto,
979,65e4023c-acee-4d74-a0c9-c6ec1d7f4c1d,,3400000,Santa Marta,
980,9c72d701-aa11-482b-98fc-e91d7e6133e1,,5600000,Barranquilla,240.219.53.182
981,4980670d-6432-4d61-a180-7a77190d39a0,,3300000,Santa Marta,196.180.237.209
982,3edd5e60-ada8-4ee6-af6e-841d2a3c4ec6,,5800000,Bogota,168.214.249.183
983,faccb548-eeb3-47c3-b425-b23dadcb8446, bgAAAAABjSEM4YEncpDZuuXrxB2vkCa6mSUSyHu67f20aTAobu1iZo00-Tg_QpVvLmJgQTUkmgHlN4ip3vyzVijL2RUQR2sFGWw==,3200000,Valledupar,
984,3edd5e60-ada8-4ee6-af6e-841d2a3c4ec6, bgAAAAABjSEM4vGo9OPAwFJyZILCxhHWUHgyRU_4gDu426wuKQY0hOps533CS1qyYZ26W1HuYnRVgNDxoJxzuntWQJu2KZXYTwA==,800000,Armenia,57.241.179.180
985,b7727364-663c-4065-96e1-b6e0944f7895,,6900000,Cali,49.45.64.217
986,7e627f33-85f1-4861-9949-3347b365e299,,1200000,Cartagena,247.186.222.95
987,65e4023c-acee-4d74-a0c9-c6ec1d7f4c1d,,9500000,Medellin,
988,9c72d701-aa11-482b-98fc-e91d7e6133e1,,3700000,Sincelejo,145.147.217.86
989,5f7bc087-6b7e-4f4a-bab7-2c85f94c5a24,,7800000,Pasto,39.150.94.207
990,65e4023c-acee-4d74-a0c9-c6ec1d7f4c1d,,8800000,Barranquilla,
991,95ce924b-351e-4420-84c0-6ee308eafca9,,2000000,Barranquilla,
992,89214074-36d9-43f4-a694-ee8f97751f66,,2000000,Bogota,164.177.156.215
993,decf6cfb-bdfc-4a1c-9cd3-db6fc020c8f2,,8100000,Pasto,
994,5f7bc087-6b7e-4f4a-bab7-2c85f94c5a24,,5300000,Sincelejo,55.247.45.216
995,ffe437ab-8bc2-4c2f-939f-f6d47706fdb1,,6100000,Cali,
996,65e4023c-acee-4d74-a0c9-c6ec1d7f4c1d,,3400000,Armenia,87.200.165.213
997,ffe437ab-8bc2-4c2f-939f-f6d47706fdb1, bgAAAAABjSEM4xL9hrEC1FNx2nyWs6DPhCltpszfgl1AudzUblC4vF5LLxnoZqNCja8ton6lGqd4v0MpSLDPacRExtk0YoS7mAA==,4900000,Cartagena,100.165.166.10
998,5f7bc087-6b7e-4f4a-bab7-2c85f94c5a24, bgAAAAABjSEM4SqGV5OEzpaGK2rbs-U2s1KGT6dhc4uO3-7g6WkKxvZGtS1aOFNri6appv-UeI925jZV9bfagcTfJfbCo7WDPGw==,8200000,Valledupar,
999,ce7ed389-6c5d-4d22-a135-db4d0ba3490e,,3000000,Medellin,85.145.184.147
1000,a02a6b1e-4a16-43ed-a3e4-5effc41cd418,,2400000,Santa Marta,67.14.23.46
