id_user,first_name,last_name,email,gender,Town
7e627f33-85f1-4861-9949-3347b365e299,Keely,Goodby,kgoodby0@hibu.com,Female,4
797ec391-10e3-4d3e-bba0-f5c84286470d,Austin,Tripon,atripon1@paginegialle.it,Female,2
b3539944-8db1-4d7c-8f37-b7582a0cb60e,Leupold,Biskupiak,lbiskupiak2@multiply.com,Male,7
1f9e1c3e-e11a-40cc-b8e5-8bd67d427d1c,Lisetta,Esterbrook,lesterbrook3@weather.com,Female,6
e95ec7f5-31e5-48bb-98ce-5d0257085ef3,Sonnnie,McGoldrick,smcgoldrick4@google.pl,Female,8
4980670d-6432-4d61-a180-7a77190d39a0,Gratia,Brazear,gbrazear5@thetimes.co.uk,Female,6
3edd5e60-ada8-4ee6-af6e-841d2a3c4ec6,Marla,Bassom,mbassom6@ucla.edu,Female,3
35fd9b55-7e77-4abc-bfbb-f9c4a0c8619a,Marvin,Grzeszczyk,mgrzeszczyk7@illinois.edu,Male,10
65e4023c-acee-4d74-a0c9-c6ec1d7f4c1d,Araldo,Baugh,abaugh8@1688.com,Male,4
f7db439c-0137-4d4d-b1fd-fa6e3e732ac6,Abigail,Menco,amenco9@fc2.com,Female,2
5f7bc087-6b7e-4f4a-bab7-2c85f94c5a24,Delainey,Serot,dserota@un.org,Male,4
89214074-36d9-43f4-a694-ee8f97751f66,Korey,Ellerington,kelleringtonb@nature.com,Male,7
b7727364-663c-4065-96e1-b6e0944f7895,Horatia,Dreelan,hdreelanc@smugmug.com,Female,1
06ee0d99-9252-4446-89d8-c2ef5e6e8dca,Cecile,Winchester,cwinchesterd@netscape.com,Female,4
3d9a0773-b4eb-4749-8552-6b42cdd732af,Windy,Clamp,wclampe@ca.gov,Female,9
529f4858-9531-46bd-a590-b0075f2bacd3,Corbett,Farrent,cfarrentf@theglobeandmail.com,Male,8
1144888d-3e0b-4b78-83c9-d8b341c0c62e,Margalo,McQuin,mmcquing@house.gov,Non-binary,9
ca661067-9359-43bc-b162-9422b236010a,Saxon,Sugg,ssuggh@jugem.jp,Male,6
a02a6b1e-4a16-43ed-a3e4-5effc41cd418,Gottfried,Jagiello,gjagielloi@netvibes.com,Male,3
ffe437ab-8bc2-4c2f-939f-f6d47706fdb1,Benedick,Aspland,basplandj@netscape.com,Male,1
687a6868-828d-47ec-be31-2a08d9da7410,Jessalin,Blazewicz,jblazewiczk@china.com.cn,Female,8
cbdd554a-1d28-4495-afb5-8d2524aa67d1,Jeromy,Bartod,jbartodl@nytimes.com,Male,10
d47808ef-84d8-4766-ad07-dce673923a71,Paolina,Pullinger,ppullingerm@nba.com,Female,2
97518500-4355-4bbe-a7dc-97d866085d1a,Kesley,Paver,kpavern@moonfruit.com,Female,7
a02185bb-968b-4b02-afcb-b3489c9994cf,Madeline,Utridge,mutridgeo@wsj.com,Female,6
9c72d701-aa11-482b-98fc-e91d7e6133e1,Corry,Guilaem,cguilaemp@free.fr,Female,5
95ce924b-351e-4420-84c0-6ee308eafca9,Horton,Hof,hhofq@homestead.com,Male,3
decf6cfb-bdfc-4a1c-9cd3-db6fc020c8f2,Siusan,Dudlestone,sdudlestoner@163.com,Female,4
ce7ed389-6c5d-4d22-a135-db4d0ba3490e,Gale,Proughten,gproughtens@clickbank.net,Female,9
faccb548-eeb3-47c3-b425-b23dadcb8446,Clemmy,Bernasek,cbernasekt@furl.net,Female,6
